society_id,society_name,city,status,flat_count,maintenance_charge,monthly_revenue,onboarding_date
SOC0032,Golden Residency,CHENNAI,YTB,40.0,3500,140000.0,2019-07-15
SOC0110,Elite County,Bangalore,YTB,80.0,2500,200000.0,2024-11-17
SOC0137,Lake Enclave,DELHI,Phase 2 Churn,450.0,2200,990000.0,2023-09-16
SOC0089,Silver Apartments,Ahmedabad,Phase 2 Churn,240.0,3000,720000.0,2021-03-21
SOC0919,Crystal Tower,Mumbai,Phase 1 Churn,40.0,3500,140000.0,2018-01-16
SOC0236,Sky Tower,Pune,Phase 2 Churn,180.0,1800,324000.0,2021-01-31
SOC0871,Palm Heights,Chennai,YTB,240.0,3500,840000.0,2019-06-09
SOC0319,Sunrise Homes, Mumbai,Phase 1 Churn,180.0,1800,324000.0,2021-06-26
SOC0262,ROYAL PARK,Hyderabad,Phase 2 Churn,320.0,2200,704000.0,2018-10-02
SOC0536,Palm Apartments,delhi,Phase 1 Churn,60.0,2500,150000.0,2020-10-30
SOC0920,Green Enclave,Delhi,Phase 2 Churn,40.0,2500,100000.0,2019-07-05
SOC0597,Silver Heights, Hyderabad,Active,180.0,3500,630000.0,2019-01-29
SOC0077,river park,Bangalore,YTB,,2200,990000.0,2022-11-08
SOC0108,Green Park,Hyderabad ,YTB,40.0,2500,100000.0,2021-07-21
SOC0425,Royal Residency,BANGALORE,Phase 2 Churn,40.0,1800,72000.0,2021-03-31
SOC0585,hill heights,Hyderabad,,450.0,3000,1350000.0,2019-04-20
SOC0854,Royal Homes,Pune,YTB,180.0,3000,540000.0,2021-10-26
SOC0665,Lake Residency,Hyderabad,Active,180.0,3000,540000.0,2023-11-05
SOC0830,Green Apartments,Chennai,Phase 1 Churn,60.0,2200,132000.0,2022-07-09
SOC0421, Royal Tower,Mumbi,Active,240.0,2200,528000.0,2024-06-05
SOC0598,Silver Park,Ahmedabad,ACTIVE,180.0,3500,630000.0,2025-07-13
SOC0459, Sky Gardens,Kolkata,,450.0,3500,1575000.0,2020-07-10
SOC0313, Lake County,Kolkata,Phase 2 Churn,20.0,2500,50000.0,2024-03-06
SOC0650,Palm Apartments,Bangalore,Phase 1 Churn,30.0,2500,75000.0,2020-02-19
SOC0366,Sunrise Park,Bangalore,Phase 1 Churn,120.0,1800,216000.0,2020-05-16
SOC0322,Lake County,Delhi,Phase 2 Churn,240.0,2500,600000.0,2024-07-05
SOC0630,Royal Plaza,Kolkata,YTB,40.0,1800,72000.0,2018-11-25
SOC0915,Sky Tower,Pune,Phase 1 Churn,60.0,3000,180000.0,2023-12-02
SOC0469,LAKE TOWER,Kolkata,Phase 1 Churn,60.0,3000,180000.0,2019-02-08
SOC0599,Golden Homes ,Chennai,active,40.0,2500,100000.0,2023-09-21
SOC0395,Crystal Tower,Pune,Active,20.0,3500,70000.0,2023-11-05
SOC0537,Palm Plaza,Delhi,Active,180.0,2200,396000.0,2023-11-26
SOC0721,River Enclave,Delhi,,30.0,2500,75000.0,2024-07-27
SOC0334,Crystal County,Ahmedabad,YTB,60.0,2500,150000.0,2021-04-04
SOC0410,Silver Homes,Bangalore,Phase 2 Churn,120.0,2200,264000.0,2022-07-30
SOC0060,Sunrise Tower,BANGALORE,Phase 2 Churn,320.0,3500,1120000.0,2020-01-16
SOC0257,Elite County ,Bangalore,Phase 2 Churn,20.0,3500,70000.0,2024-07-27
SOC0970,Silver Plaza,Delhi,Active,450.0,2500,1125000.0,2025-10-29
SOC0686,River Apartments,MUMBAI,ytb,120.0,2500,300000.0,2024-11-18
SOC0343,Silver Apartments,Delhi,Phase 1 Churn,450.0,3500,1575000.0,2021-12-28
SOC0636,River Residency,Chennai,Phase 1 Churn,240.0,3500,840000.0,2021-03-09
SOC0709,Elite Park ,Chennai,YTB,320.0,1800,576000.0,2020-01-14
SOC0011,Silver County,Mumbai,YTB,320.0,1800,576000.0,2020-03-23
SOC0486,ELITE GARDENS,Bangalore,YTB,450.0,3500,1575000.0,2025-10-10
SOC0210,Elite Enclave,Bangalore ,YTB,60.0,2500,150000.0,2020-03-11
SOC0140,RIVER HOMES ,Hyderabad,YTB,180.0,1800,324000.0,2024-03-20
SOC0389,Lake County,Delhi,Active,320.0,1800,576000.0,2019-05-23
SOC0623,Sunrise Gardens,Pune,Phase 2 Churn,20.0,2200,44000.0,2022-02-11
SOC0825, Elite County,Delhi,Phase 2 Churn,320.0,3500,1120000.0,2020-07-11
SOC0718,Golden Plaza,Hyderabad,Phase 1 Churn,120.0,2200,264000.0,2024-09-03
SOC0846,CRYSTAL HEIGHTS ,Chennai,YTB,30.0,2200,66000.0,2024-08-09
SOC0688,hill residency,Hyderabad,ACTIVE,180.0,3000,540000.0,2018-05-20
SOC0936,Sunrise Enclave, PUNE,Active,20.0,2200,44000.0,2019-06-11
SOC0582,Royal Residency,Kolkata,,30.0,2500,75000.0,2019-08-17
SOC0383,River Apartments,Chennai,Phase 2 Churn,180.0,2500,450000.0,2018-12-09
SOC0071,Sky Park,KOLKATA,Phase 2 Churn,20.0,3000,60000.0,2019-11-05
SOC0261,Golden County,Pune,Active,,3500,105000.0,2022-05-01
SOC0801,Sky Heights,Pune,Phase 2 Churn,180.0,1800,324000.0,2021-07-03
SOC0454,Palm Apartments,Mumbai,YTB,320.0,3000,960000.0,2024-09-01
SOC0592,Green Gardens,Chennai,phase 2 churn,40.0,1800,72000.0,2019-11-05
SOC0907,Palm Park,Mumbai,Phase 2 Churn,80.0,3500,280000.0,2025-11-28
SOC0785,Royal Homes,Delhi,Phase 1 Churn,40.0,3500,140000.0,2023-08-10
SOC0214,Sky Apartments,ahmedabad,Active,60.0,2200,132000.0,2018-09-03
SOC0097,Golden Residency,chennai,PHASE 2 CHURN,450.0,2200,990000.0,2020-12-08
SOC0680,Sunrise County,Pune,YTB,60.0,3500,210000.0,2020-07-12
SOC0850,Palm Gardens,Bangalore,Active,20.0,2200,44000.0,2018-09-16
SOC0679,Hill Gardens,Mumbai,Phase 1 Churn,120.0,1800,216000.0,2021-07-08
SOC0881,Royal Gardens,Chennai,Active,320.0,1800,576000.0,2018-12-03
SOC0193,Royal Homes,Hyderabad,Phase 1 Churn,80.0,2200,176000.0,2018-05-12
SOC0281,Royal Gardens,Hyderabad,phase 2 churn,320.0,2500,800000.0,2025-05-07
SOC0534,Royal Apartments,Bangalore,ACTIVE,120.0,2200,264000.0,2020-02-18
SOC0683,ELITE TOWER,Pune,Phase 2 Churn,320.0,2200,704000.0,2022-10-09
SOC0618,Elite County,Ahmedabad,Active,240.0,2500,600000.0,2020-05-10
SOC0983,River Apartments,MUMBAI,Phase 2 Churn,450.0,1800,810000.0,2021-03-15
SOC0911,Sky Homes,pune,Active,80.0,1800,144000.0,2018-03-21
SOC0185,Lake Homes ,Mumbai,Phase 1 Churn,120.0,2200,264000.0,2022-07-20
SOC0031,Sunrise Homes,Ahmedabad,Phase 2 Churn,,1800,432000.0,2018-05-09
SOC0329,Golden Homes,Mumbai,YTB,180.0,2200,396000.0,2019-01-18
SOC0507,Crystal Park,Hyderabad,Phase 1 Churn,450.0,2200,990000.0,2024-07-21
SOC0055,Golden Plaza,Pune,Phase 1 Churn,20.0,3500,70000.0,2022-01-27
SOC0024,Golden Heights,Mumbai ,Active,40.0,2500,100000.0,2019-11-15
SOC0102,River Homes,Mumbai,Active,60.0,2200,132000.0,2021-02-17
SOC0550,Golden Tower, Pune,PHASE 1 CHURN,320.0,2500,800000.0,2019-10-07
SOC0248,Royal Homes,PUNE,YTB,450.0,2200,990000.0,2020-06-06
SOC0004,Sky Park,Ahmedabad,Active,20.0,2200,44000.0,2022-03-26
SOC0087,royal gardens,Delhi,Phase 2 Churn,60.0,3500,,2025-03-17
SOC0844,Palm Residency,Mumbai,Active,240.0,3500,840000.0,2019-09-10
SOC0953,Crystal Apartments,Mumbai,Active,450.0,3000,1350000.0,2018-03-16
SOC0291,Lake Heights,Kolkata,YTB,450.0,2500,1125000.0,2022-03-10
SOC0211,golden enclave,Ahmedabad,Phase 1 Churn,450.0,3000,1350000.0,2023-02-08
SOC0803,Golden Tower,Chennai,Phase 2 Churn,80.0,2500,200000.0,2024-05-17
SOC0175,Crystal Homes,Kolkata,Active,40.0,3000,,2021-11-02
SOC0200,Royal Heights,Hyderabad ,YTB,450.0,2500,1125000.0,2023-02-20
SOC0903,Sky Homes,kolkata,Phase 1 Churn,80.0,3000,240000.0,2023-12-01
SOC0738, Royal Apartments,Chennai,Active,120.0,1800,216000.0,2020-08-18
SOC0064,Sunrise Residency,ahmedabad,YTB,60.0,1800,108000.0,2022-06-09
SOC0266, sky county,Ahmedabad,Phase 2 Churn,40.0,3000,120000.0,2023-06-25
SOC0232,LAKE PARK,Pune,Phase 1 Churn,30.0,3500,105000.0,2019-08-24
SOC0804,Sky Park,Chennai,Active,80.0,3000,240000.0,2024-09-26
SOC0626,PALM RESIDENCY,Pune,Phase 1 Churn,40.0,2200,88000.0,2018-05-17
SOC0569,Green Gardens,Kolkata,Phase 2 Churn,320.0,2500,800000.0,2021-10-17
SOC0855,Elite Park,Bnglore,ytb,450.0,2500,1125000.0,2021-02-05
SOC0040,Sunrise Heights,Kolkata,Phase 2 Churn,30.0,1800,54000.0,2024-08-27
SOC0807,Golden County,Mumbai,Phase 1 Churn,450.0,3500,1575000.0,2018-07-01
SOC0169,Palm Gardens,Bangalore,Phase 2 Churn,120.0,1800,216000.0,2023-01-24
SOC0591,Golden County,Ahmedabad,Active,320.0,1800,576000.0,2021-08-29
SOC0465,Royal Tower,Delhi,Active,450.0,3000,1350000.0,2025-05-09
SOC0999,Green Enclave,Pune,ytb,20.0,2500,50000.0,2024-02-20
SOC0443, Elite Plaza,Hyderabad,Phase 2 Churn,320.0,2500,800000.0,2023-09-25
SOC0909,River Tower,Ahmedabad ,Phase 1 Churn,320.0,2200,704000.0,2025-02-17
SOC0067,Lake Enclave,Ahmedabad,YTB,40.0,3000,120000.0,2024-03-12
SOC0308,Sky Residency,Bangalore,Phase 2 Churn,60.0,2500,150000.0,2023-02-26
SOC0068,Green Homes,Bangalore ,YTB,450.0,2200,990000.0,2023-02-02
SOC0199,River County,Chennai,Active,30.0,2500,75000.0,2025-07-24
SOC0529,Sky Apartments,Hyderabad,Phase 2 Churn,450.0,3500,1575000.0,2018-11-27
SOC0482,Green Apartments, Bangalore,Phase 1 Churn,120.0,2200,264000.0,2020-10-01
SOC0758,Silver Tower,Pune,YTB,450.0,3000,1350000.0,2024-09-16
SOC0988,Silver Residency,Chennai,Phase 1 Churn,80.0,2500,200000.0,2018-11-04
SOC0363,Palm Park,Chennai,Phase 2 Churn,120.0,3000,360000.0,2018-12-03
SOC0845,Lake Park,Hyderabad,Phase 2 Churn,120.0,2500,300000.0,2025-11-28
SOC0559,Silver Residency,Pune,Phase 2 Churn,20.0,3500,70000.0,2021-03-04
SOC0619,Crystal Enclave,Ahmedabad ,Phase 2 Churn,120.0,1800,,2022-08-26
SOC0353,Lake Park,KOLKATA,Phase 2 Churn,120.0,1800,216000.0,2022-11-07
SOC0761,royal heights,Mumbi,YTB,120.0,2500,300000.0,2020-07-31
SOC0930,Elite County,Hyderabad,YTB,20.0,1800,36000.0,2021-01-14
SOC0293,Golden County,Bangalore,YTB,120.0,2500,300000.0,2024-09-01
SOC0753,ELITE RESIDENCY,Kolkata,Phase 2 Churn,320.0,2500,800000.0,2021-03-31
SOC0101,Royal Plaza,Kolkata,,80.0,3000,240000.0,2021-02-14
SOC0550,Golden Tower, Pune,PHASE 1 CHURN,320.0,2500,800000.0,2019-10-07
SOC0948,Silver Residency,Bnglore ,ACTIVE,80.0,2200,176000.0,2024-10-09
SOC0809,River Apartments,Pune ,YTB,120.0,3000,360000.0,2022-04-03
SOC0306,Elite Residency,Bangalore,Active,40.0,2200,88000.0,2024-05-26
SOC0629,Hill Homes,Kolkata,Active,320.0,2500,800000.0,2025-08-06
SOC0159,Golden Residency,Delhi,Phase 1 Churn,450.0,3500,1575000.0,2022-03-07
SOC0552,Silver Park,Ahmedabad,ytb,450.0,2200,990000.0,2025-08-31
SOC0003,Green Homes,Chennai,Phase 1 Churn,240.0,2200,528000.0,2022-12-01
SOC0729,Golden Apartments,Kolkata ,YTB,240.0,1800,432000.0,2019-08-29
SOC0209,Royal County,Kolkata,Active,80.0,3500,280000.0,2023-12-20
SOC0300,Golden Residency,Pune,YTB,320.0,3500,1120000.0,2021-10-06
SOC0851, River Park,Pune,Phase 1 Churn,80.0,2200,176000.0,2019-12-13
SOC0437,Sunrise Residency,Delhi,Active,20.0,2200,44000.0,2024-07-24
SOC0870,SILVER COUNTY,Mumbai,YTB,120.0,2200,264000.0,2020-09-11
SOC0412,Silver Plaza,delhi,Phase 2 Churn,240.0,2200,,2019-04-16
SOC0615,Sunrise Apartments ,Ahmedabad,YTB,60.0,3000,180000.0,2022-02-19
SOC0908,Sunrise Heights,Delhi,YTB,180.0,1800,324000.0,2023-11-01
SOC0913,Sky Park,Ahmedabad,Phase 1 Churn,120.0,1800,216000.0,2021-02-17
SOC0997,Sky Residency,Hyderabad,Phase 1 Churn,20.0,1800,36000.0,2023-02-11
SOC0963,Palm Plaza,Bangalore,Phase 1 Churn,320.0,3500,1120000.0,2024-04-23
SOC0701,elite enclave,Kolkata,Active,120.0,3000,360000.0,2024-06-09
SOC0779,Hill Apartments,Pune,YTB,320.0,2500,800000.0,2023-02-12
SOC0307,Royal Enclave,Kolkata,Active,80.0,2200,176000.0,2021-05-21
SOC0281,Royal Gardens,Hyderabad,phase 2 churn,320.0,2500,800000.0,2025-05-07
SOC0494,Royal Enclave,Bangalore ,phase 2 churn,240.0,3500,840000.0,2023-09-15
SOC0424, Royal Enclave,Delhi ,Active,60.0,3000,180000.0,2019-05-04
SOC0299,LAKE ENCLAVE,Pune,PHASE 2 CHURN,320.0,1800,576000.0,2023-09-24
SOC0468,SUNRISE HEIGHTS,Chennai,Phase 2 Churn,320.0,2200,,2024-09-14
SOC0885,River Gardens,Kolkata,YTB,60.0,3000,180000.0,2020-02-22
SOC0756,Silver Residency ,Chennai,Phase 1 Churn,20.0,2200,44000.0,2025-02-07
SOC0107,Green Homes,Mumbai,Phase 2 Churn,40.0,2500,100000.0,2020-05-08
SOC0859,Hill Gardens, Hyderabad,,320.0,3500,1120000.0,2021-04-22
SOC0056,Elite Enclave, Kolkata,Phase 1 Churn,60.0,2500,150000.0,2019-11-19
SOC0121,Golden Park,Ahmedabad,YTB,320.0,2500,800000.0,2023-11-15
SOC0311,Crystal Heights,AHMEDABAD,YTB,30.0,2500,75000.0,2022-12-15
SOC0026,River Enclave,kolkata,Phase 2 Churn,30.0,2200,66000.0,2023-07-16
SOC0073,Hill Residency,Chennai ,YTB,60.0,2500,,2020-09-13
SOC0531,River Tower,Delhi,Active,180.0,3500,630000.0,2024-06-26
SOC0045,River County,Hyderabad,YTB,40.0,1800,72000.0,2025-09-22
SOC0276,HILL PLAZA,Mumbai ,Phase 2 Churn,30.0,2500,75000.0,2020-12-15
SOC0479,Golden Heights,Chennai,YTB,180.0,3000,540000.0,2021-02-18
SOC0315,Sky County,bangalore,Active,40.0,3500,140000.0,2019-06-29
SOC0337,Hill Heights,Pune,YTB,180.0,2200,396000.0,2024-11-11
SOC0690,Hill Tower,Chennai,Phase 2 Churn,180.0,2500,450000.0,2021-07-02
SOC0431,Green Tower,Chennai,active,60.0,2500,150000.0,2021-02-27
SOC0951,Lake Park,Hyderabad,Active,180.0,2500,450000.0,2018-02-09
SOC0834,Golden Tower,Delhi,Phase 1 Churn,80.0,3500,280000.0,2018-06-30
SOC0589,Green Homes,Delhi,YTB,450.0,3500,1575000.0,2025-04-24
SOC0704,crystal residency,Delhi,Phase 1 Churn,320.0,2500,800000.0,2024-09-09
SOC0328,Green Apartments ,Chenni,Active,60.0,3000,180000.0,2025-07-03
SOC0900,Sunrise Residency,Chennai,YTB,60.0,1800,108000.0,2020-09-17
SOC0604,Green Gardens,Hyderabad,Phase 2 Churn,40.0,3000,120000.0,2025-05-24
SOC0928,River Gardens,Hyderabad,Phase 1 Churn,320.0,3500,1120000.0,2019-03-31
SOC0981, Royal Gardens, Hyderabad,YTB,40.0,2500,100000.0,2023-10-31
SOC0972,Silver Plaza,Pune ,Active,320.0,1800,,2018-07-08
SOC0763,royal tower,PUNE,Phase 2 Churn,60.0,2200,132000.0,2021-08-07
SOC0332,Silver Residency,Pune,YTB,60.0,2200,,2023-11-22
SOC0061,Golden Residency,bangalore,Active,60.0,3000,180000.0,2018-08-11
SOC0746,Crystal Residency,Hyderabad,Phase 2 Churn,320.0,2500,800000.0,2018-05-23
SOC0372,Sky Gardens,Hyderabad,Active,60.0,3000,180000.0,2024-04-25
SOC0093,Hill Plaza,Bangalore,Active,30.0,1800,54000.0,2024-02-14
SOC0723,Royal Gardens,mumbai,Phase 2 Churn,180.0,2500,450000.0,2019-12-03
SOC0491,Lake Heights,mumbai,ACTIVE,180.0,1800,324000.0,2024-05-10
SOC0463,Crystal Residency,Pune,YTB,60.0,3000,180000.0,2021-08-15
SOC0219,river heights,mumbai,YTB,40.0,1800,,2021-03-01
SOC0514,Green Plaza,Delhi,Phase 2 Churn,120.0,2200,264000.0,2020-06-17
SOC0621,Crystal Homes,Bangalore,Active,450.0,2500,1125000.0,2024-05-17
SOC0426, River Tower ,Delhi,Phase 2 Churn,450.0,3500,1575000.0,2023-04-29
SOC0333,Hill Enclave,Mumbai,Phase 1 Churn,60.0,2200,132000.0,2021-09-14
SOC0860,Royal Gardens,Chennai,Phase 1 Churn,40.0,3000,120000.0,2019-04-23
SOC0990,Lake Enclave,Pune ,YTB,,3000,120000.0,2022-09-30
SOC0583, Elite Tower ,Ahmedabad,Active,450.0,2200,990000.0,2018-05-26
SOC0356,Golden Gardens,Bangalore,Phase 2 Churn,60.0,2200,132000.0,2021-02-10
SOC0483,Sunrise Apartments,Bangalore,Phase 1 Churn,240.0,2200,528000.0,2024-07-14
SOC0546,Sunrise Apartments, Hyderabad ,YTB,40.0,2500,100000.0,2020-08-08
SOC0111,Golden Homes,Pune,Phase 1 Churn,120.0,2200,264000.0,2021-10-10
SOC0515,Royal Residency,Pune,YTB,320.0,3500,1120000.0,2018-07-31
SOC0603,river apartments,Pune,Active,450.0,3500,1575000.0,2018-02-02
SOC0996,Hill County,Bangalore,Phase 1 Churn,30.0,3000,90000.0,2024-09-17
SOC0508,River Homes,Bangalore,active,240.0,3000,720000.0,2022-10-24
SOC0335,Silver Plaza,Kolkata,Active,80.0,3000,240000.0,2020-07-20
SOC0849,Hill Plaza,DELHI,Phase 1 Churn,20.0,3500,70000.0,2019-12-12
SOC0295,Royal Park,Chennai,YTB,60.0,3000,180000.0,2025-11-10
SOC0287,Palm County,Hyderabad,Phase 1 Churn,80.0,3500,280000.0,2023-12-10
SOC0939,River Apartments,Mumbai,Phase 1 Churn,60.0,3000,180000.0,2019-07-13
SOC0448,LAKE PARK,Ahmedabad,active,450.0,3500,1575000.0,2024-04-12
SOC0693,Crystal Enclave,Delhi,YTB,240.0,2500,600000.0,2022-08-25
SOC0653, Royal Gardens, Hyderabad,Active,80.0,1800,144000.0,2022-09-29
SOC0969,SILVER APARTMENTS,Mumbai,YTB,320.0,2500,800000.0,2018-05-18
SOC0278,Sky Apartments,chennai,YTB,450.0,2500,1125000.0,2023-11-19
SOC0759,Elite Homes,Hyderabad,YTB,320.0,3500,1120000.0,2021-01-08
SOC0138,Lake County, Kolkata ,YTB,240.0,2500,600000.0,2021-01-10
SOC0502,Hill Plaza,Pune,,180.0,2200,396000.0,2024-07-15
SOC0405,Sky Enclave,Mumbai,Phase 2 Churn,450.0,1800,810000.0,2025-12-13
SOC0524,Palm Apartments,Kolkt,Phase 1 Churn,60.0,3500,,2020-10-29
SOC0781, Hill Heights,Chennai,Phase 2 Churn,60.0,2200,132000.0,2024-10-24
SOC0978,River Tower,Ahmedabad,Active,,1800,576000.0,2020-11-07
SOC0581,Sunrise Enclave,kolkata,Phase 1 Churn,450.0,1800,810000.0,2021-06-20
SOC0238,River Tower,Ahmedabad,Phase 2 Churn,30.0,3000,90000.0,2018-12-24
SOC0989,Golden Homes,Bangalore,Phase 1 Churn,40.0,3500,140000.0,2025-04-23
SOC0216,Royal County,Chennai,Active,120.0,2200,264000.0,2025-01-09
SOC0895,Lake Homes,Mumbai,Phase 1 Churn,40.0,3000,120000.0,2018-03-18
SOC0245,Golden County, Bangalore,Active,20.0,3000,60000.0,2020-04-03
SOC0553,Crystal Plaza,Pune,Active,30.0,3000,90000.0,2022-10-20
SOC0838,Golden Park,Kolkata,Phase 2 Churn,80.0,3500,280000.0,2021-05-27
SOC0864,Sunrise Heights,Delhi,Active,320.0,3000,960000.0,2023-10-01
SOC0668,Golden Heights,Mumbai ,Active,180.0,3500,630000.0,2025-09-04
SOC0622, Crystal Tower,pune,Phase 1 Churn,320.0,2500,800000.0,2022-08-27
SOC0079,Royal County,Chennai ,YTB,180.0,1800,324000.0,2019-05-17
SOC0030,Sunrise Homes,Kolkata,Phase 2 Churn,40.0,3000,120000.0,2021-03-27
SOC0451,Golden Gardens,Chenni,Phase 1 Churn,30.0,3000,90000.0,2025-12-09
SOC0290,River Park, Delhi,Phase 2 Churn,240.0,2200,528000.0,2022-07-17
SOC0050,Golden Park,Pune,YTB,80.0,2200,176000.0,2023-04-13
SOC0671,Hill Enclave ,Mumbai,Phase 1 Churn,60.0,2200,132000.0,2024-10-14
SOC0799,Silver Tower,Pune,Active,20.0,3500,70000.0,2024-02-15
SOC0320,Hill County,Ahmedabad,Phase 1 Churn,30.0,2500,75000.0,2020-02-22
SOC0166,Golden Heights,pune,YTB,80.0,3000,240000.0,2025-08-23
SOC0931,Sunrise Plaza,Hyderabad,Phase 1 Churn,80.0,2200,176000.0,2020-05-29
SOC0179,green residency,Chennai,Phase 2 Churn,240.0,3000,720000.0,2020-01-05
SOC0694,Crystal Apartments,Delhi ,YTB,180.0,2500,450000.0,2021-04-15
SOC0066,Elite Park,PUNE,,120.0,3000,360000.0,2024-03-19
SOC0142,Elite Enclave,chennai,Phase 1 Churn,40.0,2500,100000.0,2022-10-28
SOC0986,Elite Gardens,Kolkata,Active,80.0,3500,280000.0,2021-06-10
SOC0352,Green Plaza,Kolkata,YTB,,3500,1575000.0,2018-01-14
SOC0862,Lake Plaza,Hyderabad,Phase 1 Churn,180.0,1800,324000.0,2022-06-23
SOC0441,Elite Tower,Bangalore,Phase 1 Churn,20.0,1800,36000.0,2019-01-12
SOC0347,River Tower,Bangalore,Phase 2 Churn,120.0,2200,264000.0,2025-09-28
SOC0255,Palm Residency ,Ahmedabad,Active,450.0,3000,1350000.0,2025-04-23
SOC0695,Golden Heights,Kolkata ,Phase 1 Churn,320.0,1800,576000.0,2018-04-09
SOC0345,Lake Plaza,HYDERABAD,Phase 2 Churn,20.0,3500,70000.0,2020-01-25
SOC0222,Palm Residency,chennai,ytb,80.0,2500,200000.0,2021-09-16
SOC0236,Sky Tower,Pune,Phase 2 Churn,180.0,1800,324000.0,2021-01-31
SOC0548,Royal County,Hyderabad,PHASE 1 CHURN,180.0,2200,396000.0,2025-10-03
SOC0500,Elite County, Delhi,Active,80.0,3000,240000.0,2025-09-01
SOC0596,River Apartments,Mumbai,YTB,320.0,3500,1120000.0,2021-09-03
SOC0941,Hill Residency,Chennai,phase 2 churn,40.0,2500,100000.0,2025-02-03
SOC0250,Sunrise Homes,mumbai,Active,320.0,2200,704000.0,2022-05-14
SOC0661,Elite Plaza ,Chennai,Phase 2 Churn,120.0,3500,420000.0,2018-04-15
SOC0382,Golden Enclave,Mumbai,Phase 2 Churn,320.0,3000,960000.0,2021-12-19
SOC0072,Silver Plaza,Bangalore,Active,120.0,1800,216000.0,2021-06-25
SOC0095,Silver Enclave,Chennai ,Phase 1 Churn,30.0,2500,75000.0,2022-04-28
SOC0034,Crystal Homes,Kolkata,YTB,20.0,3000,60000.0,2025-09-16
SOC0260,Hill Enclave,Ahmedabad,,120.0,3000,360000.0,2021-03-08
SOC0205,Silver Park,CHENNAI,YTB,120.0,2500,,2025-03-16
SOC0360,Crystal Apartments ,Kolkata,Phase 2 Churn,180.0,1800,324000.0,2020-07-06
SOC0602,Green Tower,Delhi,Active,180.0,3000,540000.0,2020-10-31
SOC0399,River Heights,Kolkata,Phase 2 Churn,80.0,1800,144000.0,2025-12-27
SOC0078,Green Tower,Mumbai,phase 2 churn,40.0,2200,88000.0,2024-01-02
SOC0085,Palm Park,Hyderbd,Active,120.0,1800,216000.0,2024-09-18
SOC0320,Hill County,Ahmedabad,Phase 1 Churn,30.0,2500,75000.0,2020-02-22
SOC0083,Elite Tower,Bangalore,Active,120.0,2500,300000.0,2023-04-10
SOC0948,Silver Residency,Bnglore ,ACTIVE,80.0,2200,176000.0,2024-10-09
SOC0708,Crystal Heights,Bangalore,YTB,120.0,3500,420000.0,2019-02-12
SOC0539,Hill Apartments ,Chennai,Phase 2 Churn,30.0,2200,66000.0,2024-09-08
SOC0544,Green Tower,Delhi,Phase 2 Churn,320.0,2200,704000.0,2018-01-21
SOC0826,Hill Plaza,Pune ,YTB,40.0,3500,140000.0,2020-10-15
SOC0429,Elite Enclave,Bangalore,Phase 2 Churn,80.0,2500,200000.0,2020-10-12
SOC0310,Sky Enclave,Bangalore,,120.0,2500,300000.0,2019-09-04
SOC0006,Sunrise Tower,Hyderabad,Phase 2 Churn,120.0,2500,300000.0,2019-01-07
SOC0789,Sunrise Plaza,Kolkata,YTB,180.0,2200,396000.0,2024-02-12
SOC0105,Golden Residency,Kolkt,Active,30.0,2200,66000.0,2024-03-20
SOC0098,River Plaza,Chennai,Phase 2 Churn,180.0,3000,540000.0,2025-05-03
SOC0297,Silver Homes,Pune ,YTB,320.0,1800,576000.0,2021-11-02
SOC0409,lake plaza,Delhi,phase 1 churn,20.0,3500,70000.0,2021-12-25
SOC0446,River Apartments,Ahmedabad,YTB,450.0,3000,1350000.0,2020-01-30
SOC0904,River Homes,delhi,YTB,30.0,1800,54000.0,2019-05-24
SOC0282,Royal Tower,Mumbai,Active,20.0,2200,44000.0,2023-02-22
SOC0267,Golden Tower,PUNE,Phase 1 Churn,120.0,2200,264000.0,2018-05-06
SOC0740,Silver County,Mumbai,Active,30.0,2500,75000.0,2023-02-08
SOC0887,Silver Apartments,kolkata,YTB,40.0,2200,88000.0,2020-10-07
SOC0535,Lake Homes,Hyderabad,Phase 1 Churn,30.0,3500,105000.0,2021-09-06
SOC0433,Hill Residency,Hyderabad,,120.0,3500,420000.0,2023-05-05
SOC0912,Palm Residency,Ahmedabad ,Phase 1 Churn,240.0,2500,600000.0,2025-01-12
SOC0657,Golden Apartments,Bangalore,Phase 2 Churn,240.0,3000,720000.0,2019-04-12
SOC0119,Lake Tower,Mumbai,Active,20.0,3000,60000.0,2019-09-01
SOC0406,Elite Residency, Kolkata,Phase 1 Churn,30.0,3500,105000.0,2025-10-21
SOC0251,Crystal County,Ahmedabad,Phase 2 Churn,450.0,3000,1350000.0,2022-01-20
SOC0378,Sky Enclave,Mumbai ,,60.0,2200,132000.0,2022-05-16
SOC0616,River Residency,Pune,YTB,80.0,3000,240000.0,2021-06-23
SOC0010,SKY TOWER,Mumbai,Phase 1 Churn,450.0,3500,1575000.0,2022-04-04
SOC0358,Green Plaza,Ahmedabad,Phase 2 Churn,120.0,3000,360000.0,2024-06-14
SOC0197,Sunrise Homes, Chennai,YTB,60.0,3000,180000.0,2023-09-12
SOC0632,crystal enclave,Delhi,Phase 1 Churn,30.0,2500,75000.0,2024-05-22
SOC0082,Elite Park,Delhi,phase 2 churn,20.0,2500,50000.0,2022-07-19
SOC0527,Royal Residency,delhi,Active,40.0,2500,,2024-10-20
SOC0831,Lake County,Pune,Active,450.0,3500,,2025-02-17
SOC0906,Golden Residency,Chennai,Phase 1 Churn,20.0,3000,60000.0,2018-12-31
SOC0240,Royal Homes,Pune,,320.0,3500,1120000.0,2020-01-21
SOC0324,Palm Park,Kolkata,Phase 2 Churn,240.0,1800,432000.0,2024-12-12
SOC0212,Golden Plaza,Mumbai,phase 1 churn,120.0,1800,216000.0,2018-09-23
SOC0847,Elite Tower,Ahmedabad,Phase 1 Churn,30.0,2500,75000.0,2019-09-06
SOC0549,Royal Heights,Mumbai,YTB,40.0,1800,72000.0,2022-12-30
SOC0498,River Homes,Ahmedabad,Active,240.0,3000,720000.0,2020-10-14
SOC0228,Sky County,Mumbai,Active,240.0,3000,720000.0,2025-01-13
SOC0892,Golden Homes, Hyderabad,YTB,120.0,3500,420000.0,2025-10-25
SOC0815,Golden Homes,Chennai,Active,60.0,2200,132000.0,2018-02-20
SOC0829,Hill Residency,Mumbai,YTB,240.0,3500,840000.0,2021-10-02
SOC0178,Royal Plaza,Delhi,Active,240.0,2200,528000.0,2019-07-29
SOC0975,Golden County,Hyderabad,Phase 1 Churn,40.0,3000,120000.0,2020-10-20
SOC0434,Royal Gardens,Kolkata,ACTIVE,180.0,2200,396000.0,2020-05-02
SOC0944,Sky Gardens,chennai,YTB,240.0,3000,720000.0,2020-10-12
SOC0517,River Park,Bangalore,active,40.0,2200,88000.0,2018-08-15
SOC0351,Palm Gardens,Pune,Phase 1 Churn,20.0,2200,44000.0,2022-01-17
SOC0519,Sky Park,Pune,Phase 2 Churn,240.0,3000,720000.0,2019-10-23
SOC0008,Golden Heights,Hyderabad,Phase 2 Churn,60.0,1800,108000.0,2024-02-06
SOC0156,River Tower,Kolkata,active,20.0,2200,44000.0,2024-10-18
SOC0945,Elite Apartments, Chennai ,YTB,80.0,1800,144000.0,2020-04-17
SOC0884,Elite Plaza,Chenni,Active,120.0,1800,216000.0,2021-10-15
SOC0330, Palm Residency ,Chennai,Phase 2 Churn,80.0,3000,240000.0,2018-02-19
SOC0543,Lake Enclave,Chennai,YTB,20.0,3000,60000.0,2018-04-11
SOC0440,Golden Homes,Delhi,Active,20.0,2200,44000.0,2023-02-22
SOC0810,Hill Enclave,Delhi,Phase 1 Churn,30.0,3500,105000.0,2025-01-16
SOC0901,Sunrise Enclave,Kolkata,Phase 1 Churn,320.0,2500,800000.0,2023-06-05
SOC0371,Green Apartments,Pune,YTB,240.0,1800,432000.0,2024-03-11
SOC0605,Hill Gardens,Mumbai,Active,20.0,1800,36000.0,2022-12-12
SOC0974,sunrise park,Delhi,phase 2 churn,120.0,1800,216000.0,2018-01-21
SOC0594,Hill Park,Bangalore,Phase 2 Churn,180.0,3500,630000.0,2019-02-09
SOC0877,Elite Residency,Pune,,40.0,2500,100000.0,2018-07-31
SOC0555,Sky Park,ahmedabad,YTB,20.0,3500,70000.0,2021-03-19
SOC0754,Crystal Heights,Bangalore,Phase 1 Churn,240.0,3000,720000.0,2024-12-10
SOC0874,Elite Homes,Bangalore,Phase 2 Churn,320.0,3000,960000.0,2024-05-01
SOC0533,River Plaza,Ahmedabad,ytb,180.0,2500,450000.0,2020-03-22
SOC0867,Crystal Homes,Delhi,Active,40.0,3500,140000.0,2018-06-14
SOC0229,Golden Apartments,Chennai,Active,40.0,1800,72000.0,2025-09-30
SOC0391,Elite Residency,Pune,YTB,30.0,3500,105000.0,2018-03-23
SOC0760,Lake Gardens,Bangalore,Active,60.0,3500,210000.0,2025-02-19
SOC0213,Sunrise Tower,Pune,phase 2 churn,120.0,1800,216000.0,2022-11-11
SOC0080,Hill Residency,Pune,YTB,20.0,1800,36000.0,2024-12-24
SOC0149,Palm Tower,Chennai ,Phase 1 Churn,450.0,3500,1575000.0,2025-08-02
SOC0303,Crystal Heights,Pune,Phase 1 Churn,30.0,3000,90000.0,2020-06-19
SOC0449,Sky Heights,MUMBAI,Phase 2 Churn,120.0,3500,420000.0,2020-04-23
SOC0362,Sky Plaza,Kolkata,YTB,180.0,3500,,2020-05-05
SOC0532,Elite Apartments,Chennai,Active,240.0,2200,528000.0,2018-09-23
SOC0530,Palm Enclave,Bangalore,YTB,60.0,1800,108000.0,2024-06-03
SOC0044, Lake Apartments,Pune,Phase 2 Churn,180.0,2500,450000.0,2023-10-08
SOC0674,Royal Heights,Kolkata,Active,20.0,3000,60000.0,2024-08-18
SOC0134,Lake Gardens,Kolkata,Phase 2 Churn,180.0,3000,540000.0,2024-05-31
SOC0576,River Homes,Chennai,Phase 1 Churn,120.0,1800,216000.0,2021-10-10
SOC0312,Royal Heights,Mumbi,YTB,240.0,3000,720000.0,2021-12-28
SOC0635,Palm Heights, Hyderabad,Phase 1 Churn,80.0,1800,144000.0,2025-12-26
SOC0568,Lake Apartments,Kolkata,YTB,40.0,2200,88000.0,2024-02-04
SOC0821,Sky Park,Ahmedabad,Phase 2 Churn,20.0,2200,44000.0,2020-05-04
SOC0001,sky tower,Pune,Active,60.0,2200,132000.0,2020-01-27
SOC0478,Palm Homes,Hyderabad,Phase 2 Churn,180.0,3000,540000.0,2021-12-04
SOC0317,Sky Apartments,Chennai ,Phase 2 Churn,320.0,1800,576000.0,2025-09-01
SOC0738, Royal Apartments,Chennai,Active,120.0,1800,216000.0,2020-08-18
SOC0573,Golden Plaza,mumbai,ytb,120.0,2500,300000.0,2025-02-01
SOC0381,hill residency,hyderabad,YTB,240.0,1800,432000.0,2023-02-12
SOC0833,Sunrise Apartments,Delhi,YTB,80.0,2500,200000.0,2020-08-01
SOC0973,Elite Tower,Kolkata,YTB,60.0,2200,132000.0,2019-08-14
SOC0962,River County,Chennai,Phase 1 Churn,60.0,1800,108000.0,2018-10-26
SOC0173,Sunrise Gardens,Hyderabad,YTB,60.0,3000,180000.0,2022-03-21
SOC0126,River Tower,Pune,Active,40.0,3500,140000.0,2024-12-09
SOC0667,GOLDEN HOMES,Kolkata ,YTB,120.0,3500,420000.0,2022-12-29
SOC0987,Royal Plaza, Chennai,YTB,450.0,2200,990000.0,2018-04-03
SOC0835,elite enclave,Hyderabad,YTB,30.0,3000,90000.0,2021-01-26
SOC0940,Elite Homes,delhi,Phase 2 Churn,40.0,2500,100000.0,2022-11-18
SOC0091,lake enclave,Chennai,Active,40.0,3000,120000.0,2024-06-08
SOC0979,Lake Heights,bangalore,Phase 1 Churn,450.0,1800,810000.0,2024-02-22
SOC0182,Sky Homes,Ahmedabad,YTB,40.0,2500,100000.0,2022-01-03
SOC0364,Hill County,Chennai,Phase 2 Churn,180.0,3000,540000.0,2023-04-04
SOC0275,Sky Park,Hyderabad,Active,240.0,1800,432000.0,2018-05-01
SOC0965,Lake Plaza,AHMEDABAD,Active,40.0,2200,88000.0,2019-04-16
SOC0070,Hill Gardens,Chennai,Phase 1 Churn,20.0,3000,60000.0,2023-04-29
SOC0292,Lake Homes,Bangalore ,Active,,3500,420000.0,2021-04-12
SOC0132,ROYAL HEIGHTS,Pune,Active,20.0,3000,60000.0,2019-09-24
SOC0301,Golden Homes,Ahmedabad,Active,60.0,2500,150000.0,2022-10-06
SOC0606,Green Park,Chennai,Active,180.0,3500,630000.0,2018-08-01
SOC0327,lake park,Delhi,YTB,80.0,1800,144000.0,2025-01-26
SOC0145,Elite Heights,Chennai,Active,120.0,1800,,2023-09-01
SOC0899,Royal Residency,Delhi,Phase 1 Churn,80.0,2500,200000.0,2025-05-31
SOC0175,Crystal Homes,Kolkata,Active,40.0,3000,,2021-11-02
SOC0669,Silver Residency,Mumbai,YTB,180.0,2200,396000.0,2022-06-03
SOC0136,Crystal Heights,Delhi,,30.0,2500,75000.0,2019-07-24
SOC0452,Sunrise Tower,Kolkata,Phase 1 Churn,80.0,2200,176000.0,2018-03-19
SOC0165,Sky Heights ,Ahmedabad,ytb,60.0,3500,210000.0,2021-08-30
SOC0029,Green Homes,Ahmedabad,YTB,60.0,3000,180000.0,2022-12-05
SOC0588,Green Homes,Mumbai,Phase 2 Churn,60.0,2500,150000.0,2021-04-27
SOC0194, Palm Plaza,Ahmedabad,Active,30.0,2200,66000.0,2021-07-03
SOC0430,Elite Homes,Chennai,YTB,40.0,3500,140000.0,2025-11-12
SOC0666,elite enclave, Delhi,Phase 1 Churn,240.0,2500,600000.0,2020-01-27
SOC0987,Royal Plaza, Chennai,YTB,450.0,2200,990000.0,2018-04-03
SOC0170,GOLDEN TOWER,Ahmedabad,ytb,30.0,1800,54000.0,2019-07-03
SOC0526,Elite Heights ,Ahmedabad,Active,320.0,2200,704000.0,2020-11-27
SOC0141,Green Plaza,Pune,Active,180.0,1800,324000.0,2022-09-25
SOC0174,Silver Park,Ahmedabad,Phase 2 Churn,40.0,1800,72000.0,2025-07-13
SOC0007,Palm Park,mumbai,Active,320.0,3000,960000.0,2021-04-17
SOC0765,sky gardens,Ahmedabad,Phase 1 Churn,20.0,2500,50000.0,2025-06-15
SOC0520, Royal Heights,Delhi,,40.0,2500,100000.0,2021-11-23
SOC0679,Hill Gardens,Mumbai,Phase 1 Churn,120.0,1800,216000.0,2021-07-08
SOC0074,Sunrise Park,Ahmedabad,Phase 1 Churn,450.0,3000,1350000.0,2023-11-15
SOC0714,Green Gardens,Hyderabad,Active,20.0,2200,44000.0,2020-12-26
SOC0676,Golden Enclave,HYDERABAD ,Phase 1 Churn,60.0,2500,150000.0,2020-09-09
SOC0239,River Residency,Hyderabad,Phase 1 Churn,320.0,3000,960000.0,2025-03-28
SOC0146,Silver Apartments,Chennai,Phase 2 Churn,20.0,3500,70000.0,2023-02-16
SOC0824,Palm Plaza,Chennai,Active,240.0,3000,720000.0,2021-04-02
SOC0235,ELITE TOWER,Kolkata,YTB,240.0,1800,432000.0,2024-08-29
SOC0221,Green Gardens,Kolkt,Active,40.0,1800,72000.0,2023-06-20
SOC0215,Green Residency,Chennai,Phase 2 Churn,320.0,3500,1120000.0,2024-12-08
SOC0689,Sky Apartments,Kolkata,YTB,450.0,3500,1575000.0,2022-08-02
SOC0133,River Park,Ahmedabad,Phase 2 Churn,60.0,3500,,2018-08-25
SOC0903,Sky Homes,kolkata,Phase 1 Churn,80.0,3000,240000.0,2023-12-01
SOC0458,Elite Park,Ahmedabad,Active,60.0,2500,150000.0,2025-06-07
SOC0685,River Park,Ahmedabad,YTB,20.0,3000,60000.0,2025-07-27
SOC0423,RIVER PLAZA,Chennai,Active,450.0,3500,1575000.0,2020-04-25
SOC0186,Golden Tower,Pune,Phase 1 Churn,30.0,3500,105000.0,2019-11-19
SOC0042,Green Plaza,Delhi,Phase 2 Churn,80.0,2500,200000.0,2021-09-04
SOC0639,Elite Enclave ,Bangalore,YTB,450.0,3500,1575000.0,2024-04-09
SOC0109,River Apartments,Delhi,Phase 2 Churn,80.0,3500,280000.0,2021-12-01
SOC0617,Silver Gardens,Hyderabad,Active,320.0,1800,576000.0,2025-10-30
SOC0057,Hill Plaza,kolkata,Active,450.0,3500,1575000.0,2022-06-20
SOC0450, River Heights ,Kolkata,Active,240.0,3000,720000.0,2022-01-19
SOC0774,Elite Homes,Chennai,Active,60.0,1800,108000.0,2025-05-17
SOC0590,Palm Heights,Mumbai,YTB,30.0,1800,54000.0,2018-10-30
SOC0896,Crystal Gardens,Delhi,Phase 1 Churn,320.0,3500,1120000.0,2023-09-12
SOC0436,Elite Plaza,ahmedabad ,YTB,20.0,3000,60000.0,2025-10-26
SOC0025,Golden County,Pune,Phase 1 Churn,450.0,3000,1350000.0,2023-12-02
SOC0811,Sky Apartments,Bangalore,Phase 1 Churn,,3500,420000.0,2021-08-30
SOC0495,Royal Plaza,PUNE,Phase 2 Churn,30.0,2500,75000.0,2020-09-16
SOC0827,Sunrise Tower,Kolkata,Phase 2 Churn,20.0,2200,44000.0,2019-12-28
SOC0982,Crystal Residency,Delhi,Phase 1 Churn,320.0,3000,960000.0,2024-07-13
SOC0929,Palm Homes,chennai,YTB,450.0,2200,990000.0,2018-01-09
SOC0966,Silver Heights,Hyderabad,Phase 2 Churn,40.0,3500,140000.0,2025-07-26
SOC0339, Golden County, Delhi,Phase 1 Churn,60.0,1800,108000.0,2019-11-21
SOC0052,Royal Plaza,Pune,Phase 2 Churn,450.0,2500,1125000.0,2023-10-02
SOC0384,Palm Residency,Hyderabad,Phase 1 Churn,180.0,3000,540000.0,2019-11-29
SOC0540,Elite County,Chennai,YTB,180.0,2500,450000.0,2018-09-08
SOC0992,Lake Enclave,Hyderabad,Phase 2 Churn,80.0,1800,144000.0,2018-01-07
SOC0661,Elite Plaza ,Chennai,Phase 2 Churn,120.0,3500,420000.0,2018-04-15
SOC0964,Elite Gardens,Mumbai,YTB,80.0,2200,176000.0,2025-01-15
SOC0265,Elite Homes,Kolkata,Phase 1 Churn,320.0,3500,1120000.0,2020-07-19
SOC0955,Elite Gardens,chennai,Phase 1 Churn,80.0,3000,240000.0,2022-01-08
SOC0742,silver heights,Ahmedabad,Phase 1 Churn,240.0,3000,720000.0,2018-07-06
SOC0713,Elite Apartments,Mumbi,Phase 2 Churn,80.0,3500,280000.0,2018-06-14
SOC0445, Golden Residency,Pune,,320.0,2200,704000.0,2025-06-16
SOC0396,ELITE GARDENS, pune,YTB,40.0,2200,88000.0,2023-04-12
SOC0542,Royal Homes,CHENNAI,Phase 2 Churn,40.0,3500,140000.0,2025-11-10
SOC0496,Elite Gardens,MUMBAI,YTB,40.0,2500,100000.0,2022-08-18
SOC0019,river enclave,Chennai,Active,30.0,3000,,2023-11-05
SOC0747,Palm Heights,Bangalore,Phase 2 Churn,40.0,3500,140000.0,2025-09-29
SOC0523,Green Enclave, Ahmedabad,Phase 1 Churn,80.0,3000,240000.0,2018-01-11
SOC0595,Sky County,Chennai,Active,240.0,1800,432000.0,2019-11-17
SOC0480,Royal Residency,Chennai,YTB,120.0,2200,264000.0,2019-09-19
SOC0368,Sunrise Homes,Ahmedabad,Active,320.0,3000,960000.0,2025-10-28
SOC0084,Crystal Tower,Delhi,Phase 2 Churn,320.0,3500,1120000.0,2025-05-13
SOC0062,Crystal Heights, Pune,Phase 2 Churn,240.0,2200,528000.0,2023-06-23
SOC0484,Royal Heights,Bangalore,Phase 1 Churn,20.0,1800,36000.0,2023-06-11
SOC0273,LAKE PARK,Kolkt,YTB,120.0,2500,300000.0,2022-07-16
SOC0286, Silver Tower,Mumbi ,Phase 2 Churn,120.0,3500,420000.0,2020-04-26
SOC0361,Lake Enclave,Kolkata,Phase 1 Churn,30.0,3500,105000.0,2023-08-20
SOC0355,Crystal Homes,Delhi,YTB,120.0,3500,420000.0,2018-07-21
SOC0612,Elite Gardens ,Pune ,YTB,80.0,1800,144000.0,2025-09-11
SOC0279,Green Homes,bangalore,YTB,40.0,2500,100000.0,2019-10-15
SOC0013,Lake Residency,Mumbai,Phase 2 Churn,30.0,2200,66000.0,2024-03-22
SOC0183,CRYSTAL PLAZA,Ahmedabad,Active,60.0,3000,180000.0,2019-04-08
SOC0369,Crystal Gardens,Ahmedabad,Phase 2 Churn,240.0,3500,840000.0,2023-01-06
SOC0528,Lake Park,HYDERABAD,Phase 1 Churn,320.0,3500,1120000.0,2019-01-03
SOC0644,Sunrise Park, Bangalore,Active,,2200,264000.0,2021-05-28
SOC0224,Crystal Enclave,Hyderabad,Phase 1 Churn,30.0,2500,75000.0,2023-05-25
SOC0600,Palm Tower,Chennai,,60.0,2500,150000.0,2018-08-27
SOC0766,lake park,Bangalore,YTB,30.0,3500,105000.0,2023-08-05
SOC0707,Royal Apartments,bangalore,Phase 2 Churn,30.0,2200,66000.0,2018-01-02
SOC0571,Green Park,Hyderabad,Active,20.0,1800,36000.0,2024-05-09
SOC0487,Royal County,Kolkt,Phase 2 Churn,180.0,3000,540000.0,2019-06-20
SOC0466, Sunrise Homes,bangalore,ytb,30.0,1800,54000.0,2023-01-22
SOC0933,Hill County,Pune,Active,80.0,1800,144000.0,2021-10-27
SOC0637,Hill Plaza,Hyderabad ,Phase 1 Churn,80.0,1800,144000.0,2019-01-12
SOC0177,GREEN COUNTY,Pune,Phase 2 Churn,180.0,1800,324000.0,2023-03-14
SOC0696,Sky County,Bangalore,Active,40.0,3500,140000.0,2019-12-25
SOC0656,Palm Heights,Mumbai,YTB,120.0,2500,300000.0,2019-12-30
SOC0614,silver county, Delhi,YTB,20.0,1800,36000.0,2025-11-17
SOC0457,Sunrise County, Chennai,Phase 2 Churn,40.0,2500,100000.0,2021-01-10
SOC0545,Crystal Enclave,Delhi,ytb,40.0,3500,140000.0,2025-09-10
SOC0394,Royal Residency,Mumbai,YTB,60.0,3000,180000.0,2020-02-25
SOC0164,Sunrise Heights,Ahmedabad,Phase 2 Churn,30.0,2200,66000.0,2022-06-26
SOC0249,Golden Gardens,Pune,Phase 2 Churn,,2200,176000.0,2019-01-22
SOC0663,HILL ENCLAVE,Bangalore,Phase 2 Churn,60.0,3500,210000.0,2018-01-24
SOC0921,GREEN APARTMENTS,Bangalore,YTB,320.0,1800,,2019-08-15
SOC0998,Golden Enclave,Bangalore,YTB,,1800,576000.0,2023-03-01
SOC0376,Green Gardens,Pune,Phase 1 Churn,40.0,2200,88000.0,2022-06-13
SOC0413,Sky Heights,Kolkata,YTB,60.0,3500,210000.0,2018-05-25
SOC0075,Palm Tower,Hyderabad,Active,60.0,3000,180000.0,2020-06-21
SOC0917,Lake Residency,Hyderabad,YTB,320.0,3500,1120000.0,2022-07-01
SOC0114,elite apartments,Pune,Active,180.0,3500,,2019-10-29
SOC0501,Golden Homes,Ahmedabad,Active,450.0,1800,810000.0,2020-01-05
SOC0586, SUNRISE PARK,Pune,Phase 1 Churn,80.0,2200,176000.0,2018-12-09
SOC0115,Silver Heights,Hyderbd ,Phase 2 Churn,40.0,3000,120000.0,2025-08-14
SOC0418,Green Homes,Hyderabad,Phase 1 Churn,80.0,2200,176000.0,2020-08-30
SOC0090,Golden Heights,Delhi,YTB,30.0,1800,54000.0,2020-08-17
SOC0959,Elite Park,Bangalore,YTB,240.0,1800,432000.0,2022-08-10
SOC0902,Hill Homes,Chennai,active,30.0,1800,54000.0,2025-08-07
SOC0634,Palm Homes,Hyderabad,YTB,40.0,1800,72000.0,2023-12-30
SOC0678,Sunrise Heights,Delhi,YTB,40.0,3000,120000.0,2025-03-11
SOC0012, Green Gardens,Kolkata,Phase 1 Churn,30.0,1800,54000.0,2023-05-14
SOC0397,Elite Park,Delhi,YTB,180.0,1800,324000.0,2019-07-02
SOC0558,Silver Enclave, Ahmedabad,YTB,120.0,3000,360000.0,2021-04-11
SOC0043,Crystal Enclave,Mumbai,YTB,180.0,2500,450000.0,2024-05-24
SOC0168,River Plaza,PUNE,Phase 1 Churn,450.0,2200,990000.0,2023-10-27
SOC0417,Sunrise Enclave,Mumbai,YTB,240.0,2500,600000.0,2018-01-27
SOC0788,Green Plaza,Pune,Phase 2 Churn,240.0,3500,840000.0,2019-06-12
SOC0427,Green Residency,Kolkt,Phase 1 Churn,80.0,3000,240000.0,2023-03-12
SOC0918,Sunrise Tower,Chennai,Phase 2 Churn,60.0,3000,180000.0,2018-04-12
SOC0741,Elite Tower,DELHI,active,320.0,3500,1120000.0,2022-03-22
SOC0715,Royal Enclave,Kolkata,YTB,320.0,1800,576000.0,2024-08-16
SOC0732,Hill Heights,Hyderabad,Active,450.0,3500,1575000.0,2024-12-21
SOC0258,River Tower,Hyderabad,Phase 2 Churn,180.0,3000,540000.0,2025-07-15
SOC0336,Golden Gardens,Hyderabad,Phase 2 Churn,180.0,3500,630000.0,2025-12-25
SOC0016,Hill Apartments,Pune,Active,60.0,1800,,2019-06-18
SOC0658,Hill Gardens,Chennai,Phase 1 Churn,240.0,3500,840000.0,2024-06-27
SOC0325,Green Enclave,Chennai,Phase 2 Churn,30.0,1800,54000.0,2020-02-04
SOC0790,Royal Gardens,Hyderabad,Active,120.0,3000,360000.0,2019-11-20
SOC0223,Green Apartments,Mumbai,YTB,30.0,1800,54000.0,2020-01-05
SOC0180,SILVER PARK,Hyderabad,Phase 1 Churn,320.0,3500,1120000.0,2019-02-28
SOC0100,Green Apartments,Delhi,Active,180.0,1800,324000.0,2019-04-04
SOC0522,SKY GARDENS,ahmedabad,Phase 2 Churn,320.0,2500,800000.0,2019-11-06
SOC0023,Golden Residency ,Kolkata,Phase 2 Churn,120.0,2200,264000.0,2018-01-18
SOC0357,Silver Tower,Ahmedabad,Active,80.0,2200,176000.0,2023-09-04
SOC0697,Sky Enclave,Bangalore,Phase 2 Churn,120.0,3500,420000.0,2019-04-23
SOC0897,Hill Apartments,Kolkata,YTB,40.0,2200,88000.0,2019-04-30
SOC0341,Green Plaza ,Chennai,YTB,30.0,2500,75000.0,2022-04-03
SOC0432,Sky County,Chennai,Phase 2 Churn,30.0,3000,90000.0,2020-06-26
SOC0577,Golden Plaza,ahmedabad,YTB,20.0,3500,,2020-02-24
SOC0868,Royal Enclave,Kolkata,Phase 2 Churn,120.0,3000,360000.0,2022-04-30
SOC0204,Lake Tower,Chennai,Phase 2 Churn,80.0,2500,200000.0,2023-07-05
SOC0737,Lake County,Pune,YTB,120.0,3000,360000.0,2021-09-11
SOC0094,Golden Homes,Bangalore,YTB,320.0,2200,704000.0,2019-05-03
SOC0584,Sky Homes,Delhi,Phase 2 Churn,20.0,1800,36000.0,2025-05-27
SOC0069,Sunrise Enclave,Mumbai ,Phase 2 Churn,180.0,2200,396000.0,2024-10-17
SOC0651,River Gardens, Pune,Phase 2 Churn,20.0,2500,50000.0,2025-07-20
SOC0285,GREEN PARK,Hyderabad ,Phase 2 Churn,450.0,3500,1575000.0,2019-10-01
SOC0837,Elite Gardens,Hyderabad,Phase 1 Churn,120.0,1800,216000.0,2023-12-02
SOC0435,Hill Gardens, Kolkata,Active,,3500,280000.0,2020-01-31
SOC0154,Elite Residency,HYDERABAD,Phase 2 Churn,240.0,2200,528000.0,2022-09-27
SOC0076,Green County,Delhi,Phase 1 Churn,20.0,3500,70000.0,2020-02-21
SOC0762,Lake County,kolkata,YTB,120.0,3000,360000.0,2019-11-20
SOC0447,Sunrise Heights ,MUMBAI,Phase 1 Churn,320.0,2200,704000.0,2025-10-04
SOC0189,River County ,Mumbai,Phase 2 Churn,240.0,3000,720000.0,2023-08-27
SOC0272,Sky Gardens,Mumbai,Phase 2 Churn,240.0,3500,840000.0,2021-10-01
SOC0237,Lake Apartments,Chennai,Phase 1 Churn,450.0,2500,1125000.0,2025-06-17
SOC0488, Royal Residency,Pune,YTB,40.0,1800,72000.0,2019-04-03
SOC0560,Royal Park,Mumbai,Phase 1 Churn,120.0,2200,264000.0,2024-08-12
SOC0118,Palm Residency,Hyderabad,Phase 2 Churn,30.0,2200,66000.0,2022-12-21
SOC0852,Sky Plaza,Hyderabad,Active,320.0,2500,800000.0,2020-01-09
SOC0513,Crystal Gardens,Pune,YTB,20.0,2500,50000.0,2022-01-19
SOC0579,silver enclave,Kolkata,Phase 1 Churn,,2200,66000.0,2024-05-24
SOC0828,Crystal Tower,Hyderabad,Phase 1 Churn,320.0,3000,960000.0,2018-06-23
SOC0127,Crystal Homes,Ahmedabad,Phase 1 Churn,120.0,3500,420000.0,2025-07-26
SOC0117,Royal Tower,Pune,YTB,30.0,2500,75000.0,2020-02-22
SOC0474, Elite Gardens,PUNE,Phase 2 Churn,120.0,3000,360000.0,2019-03-09
SOC0724,Royal Residency,Bangalore,YTB,40.0,3500,140000.0,2023-11-28
SOC0058,Sunrise Plaza,Mumbi,,40.0,3000,120000.0,2025-12-11
SOC0705,green enclave,Pune,Active,240.0,2500,600000.0,2019-09-20
SOC0949, Silver Park,Kolkata,Phase 1 Churn,30.0,3000,90000.0,2020-06-02
SOC0370,River Tower,DELHI,Active,320.0,2500,800000.0,2019-11-09
SOC0269,River Plaza,hyderabad,Phase 2 Churn,180.0,3500,630000.0,2022-06-12
SOC0047,River Apartments,Mumbai,Phase 1 Churn,80.0,2200,176000.0,2024-05-24
SOC0350,Crystal Enclave,Mumbai,Active,320.0,2500,800000.0,2021-12-15
SOC0196,River Apartments,Pune,Phase 2 Churn,,1800,54000.0,2019-01-08
SOC0103,Royal County,Delhi,Phase 1 Churn,240.0,2500,600000.0,2024-08-03
SOC0869,Hill Enclave,Chennai,,240.0,3000,720000.0,2023-02-26
SOC0722,Green Enclave,Hyderabad,YTB,240.0,1800,432000.0,2025-10-24
SOC0768,Hill Tower,Hyderabad,Active,40.0,3500,140000.0,2025-01-02
SOC0264,Sunrise Residency,KOLKATA,Active,120.0,3500,420000.0,2018-08-07
SOC0444,Green County, HYDERABAD,Phase 1 Churn,240.0,3500,840000.0,2024-10-31
SOC0706,Sunrise Tower,Bangalore,Phase 2 Churn,180.0,2200,396000.0,2024-09-24
SOC0305,Sunrise Gardens,Hyderabad,Phase 1 Churn,240.0,2500,600000.0,2022-08-08
SOC0342,Palm County,Pune,Phase 2 Churn,450.0,2200,990000.0,2024-04-26
SOC0627,Silver Tower,Ahmedabad,Phase 1 Churn,120.0,3000,,2021-01-23
SOC0860,Royal Gardens,Chennai,Phase 1 Churn,40.0,3000,120000.0,2019-04-23
SOC0150,Green Heights ,Mumbai,Active,30.0,3500,105000.0,2020-10-21
SOC0125,Palm Homes,Ahmedabad,Active,240.0,1800,,2025-06-19
SOC0818,Golden Homes,Delhi,YTB,60.0,3500,210000.0,2025-04-06
SOC0856,Sky Park,Ahmedabad,Active,40.0,3000,120000.0,2025-04-19
SOC0051,Sunrise Heights,Kolkata,Phase 1 Churn,180.0,2200,396000.0,2021-12-09
SOC0354,Palm Heights,Delhi,Phase 1 Churn,60.0,3500,210000.0,2023-01-19
SOC0967, Royal Enclave,Hyderabad,Phase 2 Churn,80.0,2200,176000.0,2024-06-30
SOC0143,Palm Tower,DELHI,Active,30.0,1800,,2022-04-16
SOC0471,Palm Apartments, Ahmedabad,Phase 2 Churn,60.0,3000,180000.0,2019-07-09
SOC0400,CRYSTAL COUNTY,Mumbai,Phase 2 Churn,,3000,1350000.0,2020-07-10
SOC0654,Golden Plaza,Kolkata,YTB,30.0,2200,66000.0,2021-09-17
SOC0321,Crystal Enclave,Delhi,Phase 1 Churn,450.0,2200,990000.0,2019-11-23
SOC0020,Lake Residency ,Pune,Phase 2 Churn,40.0,2200,88000.0,2025-05-04
SOC0843,Golden Apartments,Pune,Phase 2 Churn,240.0,2500,600000.0,2023-01-21
SOC0947,Palm Park, Ahmedabad ,,20.0,3500,70000.0,2023-01-13
SOC0842,Hill County,Ahmedabad,Active,80.0,2200,176000.0,2018-05-26
SOC0408, Golden Gardens,Kolkata,Active,240.0,2500,600000.0,2024-06-09
SOC0538,Lake Apartments ,Bangalore,YTB,450.0,3000,1350000.0,2021-03-29
SOC0880,Elite Residency,Delhi,YTB,20.0,2200,44000.0,2020-06-20
SOC0039,Lake Enclave,Hyderabad,Phase 1 Churn,320.0,2200,704000.0,2022-03-03
SOC0176,Green Park,Mumbai,phase 1 churn,30.0,2200,66000.0,2019-11-11
SOC0246,Sunrise Gardens,Pune,YTB,80.0,1800,144000.0,2025-10-14
SOC0938,Sky Apartments,Ahmedabad,Phase 2 Churn,60.0,3000,180000.0,2018-02-02
SOC0698,Golden Heights,Hyderabad,YTB,40.0,3000,120000.0,2018-02-16
SOC0786,Crystal Enclave,Chennai,Phase 1 Churn,320.0,2200,704000.0,2024-12-17
SOC0894,River Residency,Hyderbd,Active,40.0,3000,120000.0,2020-03-19
SOC0155,Lake Enclave,Kolkata ,Phase 2 Churn,,2500,100000.0,2025-04-03
SOC0288,ROYAL APARTMENTS,Mumbai,Phase 1 Churn,,3000,60000.0,2020-05-20
SOC0631,Royal Tower ,Chennai,Phase 1 Churn,320.0,2200,704000.0,2024-12-13
SOC0570,Royal Tower,Bangalore,Phase 1 Churn,180.0,3500,630000.0,2021-05-18
SOC0775,Royal Enclave,Bangalore,Phase 1 Churn,60.0,1800,108000.0,2020-06-17
SOC0018, Royal Tower, Pune,Active,120.0,1800,216000.0,2020-11-28
SOC0128,Royal Apartments,Mumbai ,Active,180.0,2200,396000.0,2023-06-29
SOC0323,Sunrise Homes,CHENNAI,Active,80.0,3500,280000.0,2023-04-20
SOC0256,Elite Park,Mumbai,Active,80.0,3000,240000.0,2025-08-31
SOC0993,sky plaza,Pune,YTB,120.0,1800,,2024-01-05
SOC0627,Silver Tower,Ahmedabad,Phase 1 Churn,120.0,3000,,2021-01-23
SOC0191,River Gardens,Delhi,Phase 1 Churn,60.0,3000,180000.0,2023-11-01
SOC0116,Silver County ,Hyderabad,YTB,450.0,2200,990000.0,2019-06-23
SOC0645,River Park,Ahmedabad,Active,40.0,1800,72000.0,2020-01-19
SOC0607,Sky Homes,Bangalore,YTB,180.0,2200,396000.0,2023-04-29
SOC0181,Sunrise Park,Mumbai,YTB,450.0,2200,990000.0,2021-04-21
SOC0302,Green Plaza,Chennai,Phase 1 Churn,120.0,1800,216000.0,2021-11-19
SOC0791,Hill Enclave,Pune,YTB,40.0,3500,140000.0,2022-07-06
SOC0744,Green Park,Kolkata,Active,80.0,2500,200000.0,2023-05-05
SOC0755,Crystal County,Ahmedabad,Phase 1 Churn,180.0,2200,396000.0,2018-05-15
SOC0716,Crystal Homes,Chennai,YTB,240.0,1800,432000.0,2023-12-28
SOC0793,Sky Homes,Bangalore,YTB,120.0,2500,300000.0,2023-04-05
SOC0518,Lake Residency,Ahmedabad,ytb,450.0,2200,990000.0,2021-12-26
SOC0373,River Homes,Hyderabad,YTB,320.0,3000,960000.0,2021-04-21
SOC0046,Golden Enclave,pune,Phase 1 Churn,450.0,3000,1350000.0,2018-06-10
SOC0946,River County,Pune,Phase 2 Churn,20.0,3000,60000.0,2024-11-04
SOC0158, Golden Park,Kolkata,phase 2 churn,20.0,3500,70000.0,2025-08-12
SOC0961,River County,Kolkata,PHASE 2 CHURN,,2200,44000.0,2025-08-14
SOC0172,Royal Residency,Bangalore,Active,450.0,3000,1350000.0,2018-10-23
SOC0017,Hill Gardens,Ahmedabad,Active,20.0,1800,36000.0,2020-01-22
SOC0512,River Plaza,Delhi,Active,450.0,2500,1125000.0,2019-07-14
SOC0049,Green Homes,Hyderabad,Phase 2 Churn,40.0,2200,88000.0,2025-10-13
SOC0974,sunrise park,Delhi,phase 2 churn,120.0,1800,216000.0,2018-01-21
SOC0875,Crystal Plaza,Kolkata,Phase 2 Churn,180.0,3500,630000.0,2020-05-23
SOC0516,Sunrise Residency,Hyderabad,,40.0,2200,88000.0,2021-12-02
SOC0717,Green County,Chennai,YTB,120.0,3500,420000.0,2022-09-06
SOC0481,Green Homes ,Chennai,Phase 2 Churn,120.0,3000,360000.0,2021-07-18
SOC0284,Royal Plaza ,Kolkata,Phase 2 Churn,320.0,1800,576000.0,2019-07-28
SOC0750,elite apartments,Delhi,Phase 2 Churn,450.0,2200,990000.0,2025-04-22
SOC0866,Lake Homes,mumbai,YTB,80.0,2500,200000.0,2021-05-28
SOC0226,hill homes,Chennai,YTB,120.0,2500,300000.0,2020-07-09
SOC0027,Royal Homes,Mumbai,Active,40.0,3000,120000.0,2024-08-07
SOC0814,green apartments,Chennai,Phase 2 Churn,60.0,2500,150000.0,2018-04-20
SOC0438,Green Gardens,Kolkata,YTB,20.0,3000,,2023-11-18
SOC0991,Crystal Park,Chennai,ACTIVE,20.0,2500,50000.0,2023-08-11
SOC0365,ROYAL COUNTY,Pune,YTB,120.0,3500,420000.0,2024-03-29
SOC0230, Royal Enclave,Bangalore ,YTB,240.0,3000,720000.0,2024-11-20
SOC0038,Elite County,Chennai,Phase 1 Churn,60.0,1800,108000.0,2018-06-27
SOC0670,River County,Mumbai,Phase 1 Churn,20.0,3000,60000.0,2022-05-24
SOC0514,Green Plaza,Delhi,Phase 2 Churn,120.0,2200,264000.0,2020-06-17
SOC0375,Golden Plaza,Mumbai,,180.0,2500,450000.0,2021-01-18
SOC0470,sky park ,Delhi,Active,20.0,1800,36000.0,2024-10-18
SOC0137,Lake Enclave,DELHI,Phase 2 Churn,450.0,2200,990000.0,2023-09-16
SOC0886,sunrise county,PUNE,YTB,450.0,3000,1350000.0,2020-01-05
SOC0735,Palm Apartments,Chennai,Phase 2 Churn,20.0,2500,50000.0,2024-05-13
SOC0757,Silver Apartments,Mumbai,Phase 1 Churn,240.0,1800,432000.0,2022-02-01
SOC0195,Sunrise Residency,BANGALORE,YTB,30.0,3500,,2024-03-28
SOC0890,golden enclave,Kolkata,Phase 1 Churn,180.0,3000,540000.0,2018-02-04
SOC0900,Sunrise Residency,Chennai,YTB,60.0,1800,108000.0,2020-09-17
SOC0504,Hill Homes,Bangalore,Active,30.0,1800,54000.0,2020-09-11
SOC0077,river park,Bangalore,YTB,,2200,990000.0,2022-11-08
SOC0865,Royal Homes,Kolkata,active,60.0,1800,108000.0,2019-05-27
SOC0580,Green County,Hyderabad,Phase 2 Churn,450.0,2500,1125000.0,2023-11-26
SOC0812,Lake Heights,Hyderabad,active,40.0,3500,140000.0,2022-03-30
SOC0681,Sunrise Enclave,Chennai,Phase 1 Churn,320.0,3500,1120000.0,2023-10-10
SOC0163,Sky Gardens,Hyderabad,Phase 2 Churn,60.0,2500,150000.0,2020-03-29
SOC0733,Elite Tower,AHMEDABAD,Active,320.0,1800,576000.0,2019-08-19
SOC0153,Sky Plaza,Chennai,YTB,240.0,2200,528000.0,2019-10-29
SOC0712,Sky Plaza, Mumbai,Phase 2 Churn,40.0,1800,72000.0,2021-09-03
SOC0731,Crystal Homes,Kolkata,,120.0,2500,300000.0,2019-05-10
SOC0787,Lake Tower,Bangalore,ytb,180.0,1800,324000.0,2019-10-25
SOC0112,Lake Plaza,Hyderbd,YTB,30.0,2200,66000.0,2024-02-19
SOC0227,River Gardens,Ahmedabad,Active,60.0,3500,210000.0,2022-07-01
SOC0719,Hill Park,Pune,Phase 1 Churn,60.0,3000,180000.0,2023-02-12
SOC0104,Sky Park, Mumbai,Phase 2 Churn,180.0,2200,396000.0,2022-10-13
SOC0422,Sky Plaza,Bangalore,Phase 2 Churn,180.0,2500,450000.0,2024-05-28
SOC0420,River Tower,Mumbai,Active,80.0,1800,144000.0,2021-03-17
SOC0782,Palm Homes ,chennai,Active,320.0,3000,960000.0,2022-07-05
SOC0587, Palm Residency,Hyderabad,Phase 1 Churn,180.0,1800,324000.0,2019-12-23
SOC0812,Lake Heights,Hyderabad,active,40.0,3500,140000.0,2022-03-30
SOC0673,Sky Gardens, Delhi,Active,240.0,2200,528000.0,2018-06-13
SOC0120,PALM APARTMENTS,Ahmedabad,Phase 2 Churn,30.0,2200,66000.0,2023-02-06
SOC0054,Lake Park,Hyderabad,Active,320.0,2200,704000.0,2023-04-22
SOC0152,Royal Residency,Delhi,Phase 2 Churn,30.0,2200,66000.0,2020-11-17
SOC0404,River Residency,Hyderabad,Phase 1 Churn,120.0,2200,264000.0,2024-03-13
SOC0985,Lake Apartments,pune,Phase 2 Churn,450.0,3000,1350000.0,2020-07-12
SOC0208,River Gardens,Pune,Phase 1 Churn,120.0,3500,,2019-09-07
SOC0659,Green County,Bangalore,Active,120.0,1800,216000.0,2020-01-31
SOC0925,Silver Park,Chennai,Active,80.0,3000,240000.0,2024-08-24
SOC0794,Palm Heights,Pune,Phase 2 Churn,120.0,3000,360000.0,2024-06-20
SOC0009,Royal Residency,Delhi,YTB,,3500,,2018-06-23
SOC0980,River Plaza ,Kolkata,phase 2 churn,320.0,3000,960000.0,2022-09-22
SOC0037,Palm Tower ,Kolkata,YTB,20.0,2500,50000.0,2019-08-03
SOC0453,Hill Gardens,Hyderabad,Phase 1 Churn,180.0,2500,,2021-02-14
SOC0652,Golden Apartments,Hyderabad,YTB,20.0,3000,60000.0,2023-03-01
SOC0254,PALM HOMES,bangalore,active,120.0,1800,216000.0,2018-03-26
SOC0304,Elite Gardens,Hyderabad ,Active,30.0,1800,54000.0,2018-01-20
SOC0778,Sunrise County,Delhi,Phase 1 Churn,180.0,1800,324000.0,2023-03-11
SOC0572,Green Gardens,Hyderabad,Phase 2 Churn,450.0,1800,810000.0,2020-10-18
SOC0624,Sunrise Homes,Chennai,YTB,320.0,3500,1120000.0,2021-06-02
SOC0741,Elite Tower,DELHI,active,320.0,3500,1120000.0,2022-03-22
SOC0751,Lake Gardens,Pune,,40.0,1800,72000.0,2025-09-06
SOC0263,Sky Tower,chennai,Phase 2 Churn,20.0,3500,70000.0,2025-05-04
SOC0611,SILVER HEIGHTS,Pune,YTB,60.0,3000,180000.0,2025-01-12
SOC0298,Crystal Plaza,Kolkata ,Phase 2 Churn,,2500,800000.0,2020-02-09
SOC0415,sunrise enclave,Delhi,Phase 2 Churn,240.0,1800,432000.0,2023-06-21
SOC0151,Crystal Plaza,pune,active,40.0,2500,100000.0,2018-12-06
SOC0820,Golden Homes,Delhi,Phase 1 Churn,30.0,2200,,2018-07-27
SOC0641,Golden Tower,Mumbai,Phase 2 Churn,320.0,3500,1120000.0,2018-03-23
SOC0926,Lake Plaza,Pune,Active,180.0,2200,396000.0,2018-08-22
SOC0551,Sky Apartments ,Chennai,Phase 2 Churn,40.0,3000,120000.0,2019-09-22
SOC0823,Lake County,Mumbai,YTB,450.0,2200,990000.0,2023-05-28
SOC0489,silver gardens,Ahmedabad,Active,120.0,3000,360000.0,2025-02-16
SOC0711, Sky Park,Hyderabad,YTB,450.0,3500,1575000.0,2025-11-13
SOC0148,ELITE HOMES,pune,Phase 1 Churn,450.0,3000,1350000.0,2024-06-02
SOC0147,Green Plaza,Chennai ,Active,450.0,3000,1350000.0,2018-09-23
SOC0752,Lake Park,Mumbai,Phase 2 Churn,30.0,2200,66000.0,2020-08-19
SOC0971,Elite Park,Chennai,PHASE 1 CHURN,30.0,2200,66000.0,2023-05-18
SOC0771,River Heights,Chennai,active,320.0,1800,576000.0,2020-07-31
SOC0660,Elite Heights,Bangalore,Active,20.0,2200,44000.0,2024-11-04
SOC0349,Crystal Gardens,Ahmedabad,Phase 2 Churn,450.0,3000,1350000.0,2021-03-24
SOC0464,Crystal Tower,Chennai,Active,120.0,2500,300000.0,2024-07-06
SOC0326,Lake Heights,Hyderabad,Phase 2 Churn,60.0,2500,150000.0,2022-08-09
SOC0187,Green Heights,Bangalore,Active,120.0,3500,420000.0,2024-11-01
SOC0124,Golden Gardens, Hyderabad,YTB,240.0,3500,840000.0,2023-05-30
SOC0889,palm plaza,Delhi,,450.0,2500,1125000.0,2022-05-15
SOC0609,River Gardens,Mumbi,Phase 2 Churn,180.0,3000,540000.0,2018-02-22
SOC0144,River Tower,Pune,Active,450.0,3500,1575000.0,2021-02-22
SOC0522,SKY GARDENS,ahmedabad,Phase 2 Churn,320.0,2500,800000.0,2019-11-06
SOC0198,Lake Tower,Hyderabad,Phase 2 Churn,20.0,3000,60000.0,2024-07-01
SOC0610,Lake Apartments,Hyderabad,Phase 2 Churn,40.0,2500,100000.0,2022-09-24
SOC0280,Golden Plaza,Chennai,YTB,80.0,2200,176000.0,2021-08-13
SOC0294,royal plaza,Chennai,Phase 2 Churn,40.0,3000,120000.0,2021-12-07
SOC0401,Elite Apartments,Bangalore ,Active,240.0,2500,,2023-02-28
SOC0123, Green Plaza, Chennai,Phase 2 Churn,30.0,1800,54000.0,2023-10-15
SOC0184,ELITE GARDENS,Pune,Active,240.0,3000,720000.0,2020-05-30
SOC0203,Golden Residency,Hyderabad,YTB,120.0,2200,264000.0,2018-08-03
SOC0439,Sky Apartments ,AHMEDABAD,Phase 2 Churn,40.0,3500,140000.0,2020-11-15
SOC0247,River Heights,Mumbai,YTB,120.0,3000,360000.0,2020-05-07
SOC0416,Sunrise Tower,Kolkata,Active,240.0,3500,840000.0,2025-06-25
SOC0808,Royal County,Pune,Phase 1 Churn,320.0,3500,1120000.0,2025-01-19
SOC0797,Silver Homes,Hyderabad,active,180.0,3000,540000.0,2019-04-01
SOC0960,Elite Tower,Hyderabad,Phase 2 Churn,320.0,1800,576000.0,2024-07-14
SOC0800,lake enclave,Kolkata,Phase 2 Churn,450.0,3000,1350000.0,2025-10-21
SOC0924,Crystal Homes,delhi,Active,240.0,1800,432000.0,2023-09-09
SOC0130,Sunrise County,Kolkata,YTB,80.0,2200,176000.0,2020-10-23
SOC0638,sunrise apartments,Mumbai,YTB,40.0,2200,88000.0,2022-08-28
SOC0403,Silver Heights,Hyderabad,YTB,40.0,1800,72000.0,2025-05-22
SOC0937,Lake Residency,Hyderabad,Active,450.0,3000,1350000.0,2024-02-18
SOC0802,Hill Plaza,Ahmedabad,Active,320.0,3500,1120000.0,2019-02-04
SOC0736,Lake Park,Ahmedabad,Phase 1 Churn,320.0,1800,576000.0,2025-02-27
SOC0950,Elite Park,Mumbai,Active,120.0,2500,300000.0,2021-06-22
SOC0220,Golden Park,kolkata,Phase 1 Churn,40.0,2500,100000.0,2021-05-31
SOC0642,River Residency,delhi,Active,20.0,1800,36000.0,2022-09-11
SOC0952, Elite Enclave,Kolkata,Phase 2 Churn,120.0,2200,264000.0,2020-01-16
SOC0784,Green County,Ahmedabad,YTB,450.0,1800,810000.0,2020-09-12
SOC0888,River Apartments,Bangalore,active,40.0,1800,72000.0,2020-08-15
SOC0957,palm tower,delhi,Active,30.0,1800,54000.0,2023-07-23
SOC0625,Royal Plaza,Mumbai,Phase 1 Churn,120.0,2500,300000.0,2019-09-06
SOC0873,River Heights,Ahmedabad,YTB,40.0,2500,100000.0,2024-11-02
SOC0923,Sunrise Residency,Mumbai,Phase 1 Churn,120.0,2500,300000.0,2020-05-31
SOC0387,Palm Apartments,Pune,Active,40.0,1800,72000.0,2025-03-19
SOC0939,River Apartments,Mumbai,Phase 1 Churn,60.0,3000,180000.0,2019-07-13
SOC0510,Palm Apartments,Bangalore,Phase 2 Churn,20.0,1800,36000.0,2018-11-08
SOC0268,Sunrise Heights,Mumbai,Phase 2 Churn,450.0,2200,990000.0,2023-07-18
SOC0853,River Residency,Delhi,Phase 1 Churn,120.0,2200,264000.0,2020-12-03
SOC0442,HILL HEIGHTS,Pune,Active,180.0,2500,450000.0,2020-01-29
SOC0497,Hill County,mumbai,YTB,80.0,1800,144000.0,2023-09-17
SOC0113,Sky Heights,hyderabad,YTB,180.0,3000,540000.0,2023-01-04
SOC0692,Elite Gardens,Chennai,YTB,120.0,2200,264000.0,2025-12-03
SOC0233,Sky Heights,Ahmedabad,Active,320.0,3000,960000.0,2024-05-23
SOC0905,Silver Park,Mumbai,Active,450.0,3500,1575000.0,2022-02-06
SOC0608,Golden Residency,Delhi,YTB,30.0,3000,90000.0,2025-09-22
SOC0672, River County ,chennai,active,240.0,1800,432000.0,2021-11-13
SOC0374,Green Homes,Chennai,Active,180.0,3500,630000.0,2020-06-15
SOC0528,Lake Park,HYDERABAD,Phase 1 Churn,320.0,3500,1120000.0,2019-01-03
SOC0878,Palm Enclave,Bangalore,YTB,180.0,1800,324000.0,2018-11-26
SOC0234,Crystal Homes,Hyderabad,Phase 2 Churn,60.0,2200,132000.0,2025-06-26
SOC0817,Elite Apartments,Bangalore,Phase 2 Churn,320.0,3500,1120000.0,2018-02-18
SOC0677,Sky Apartments,Kolkata,YTB,320.0,1800,576000.0,2018-10-15
SOC0318,silver tower,Mumbai,YTB,120.0,2500,300000.0,2025-04-10
SOC0649,Elite Gardens,Bangalore,Phase 2 Churn,240.0,2500,600000.0,2023-07-04
SOC0411,Royal County,Delhi,Phase 2 Churn,60.0,1800,108000.0,2025-10-24
SOC0935,Hill Apartments,Kolkata,Phase 2 Churn,320.0,2200,704000.0,2023-10-15
SOC0710,Sky Enclave,Kolkt,Phase 2 Churn,80.0,3500,280000.0,2020-03-19
SOC0359,Elite Homes,Bangalore,Phase 1 Churn,40.0,3000,120000.0,2021-11-19
SOC0259,Golden Enclave,Mumbai,Phase 1 Churn,240.0,2200,528000.0,2019-10-18
SOC0745,Crystal Residency,Kolkata ,Phase 1 Churn,60.0,3500,,2023-12-31
SOC0628,Golden County,Chennai,Active,180.0,3000,540000.0,2024-06-06
SOC0633,Lake Park,Delhi,Phase 2 Churn,120.0,3500,420000.0,2018-02-23
SOC0283,Hill Homes, Pune,Active,60.0,2500,150000.0,2018-10-02
SOC0377,Silver Homes,AHMEDABAD,Active,80.0,2200,,2020-07-18
SOC0385,Elite County,delhi,YTB,120.0,2500,300000.0,2022-08-25
SOC0225,Elite Enclave,Delhi,Phase 2 Churn,240.0,3500,840000.0,2023-08-16
SOC0995,Lake Residency,Mumbai,Phase 1 Churn,40.0,2500,100000.0,2022-04-25
SOC0848,Sky Residency,Delhi,Active,80.0,3000,240000.0,2023-11-05
SOC0473,River Residency ,Bangalore,YTB,120.0,3000,360000.0,2019-05-30
SOC0348,Green Enclave,bangalore ,active,30.0,2200,66000.0,2022-09-16
SOC0506,Sunrise Apartments,Kolkata,Phase 1 Churn,40.0,1800,72000.0,2018-10-12
SOC0640,ROYAL GARDENS,Chennai,Active,240.0,2200,528000.0,2018-11-18
SOC0102,River Homes,Mumbai,Active,60.0,2200,132000.0,2021-02-17
SOC0798,Sunrise Enclave, Hyderbd,YTB,320.0,2200,704000.0,2022-06-02
SOC0968,Golden Plaza,Mumbai,Phase 2 Churn,320.0,2200,704000.0,2020-03-30
SOC0942,Palm County,Bangalore,Phase 2 Churn,80.0,3000,240000.0,2021-05-18
SOC0620,River Apartments,Kolkata,Phase 1 Churn,120.0,2500,300000.0,2024-05-09
SOC0891,Sky Park,Pune,Phase 1 Churn,180.0,3500,630000.0,2022-05-29
SOC0836,Lake Apartments,Ahmedabad,YTB,20.0,3000,60000.0,2022-06-10
SOC0646,Sky Homes,Kolkata,Active,240.0,2500,600000.0,2020-10-19
SOC0882,Silver Homes, Ahmedabad,YTB,120.0,1800,216000.0,2024-04-26
SOC0557,Green Apartments,Ahmedbd,Active,30.0,2500,75000.0,2021-12-06
SOC1000,Palm Homes,CHENNAI,Phase 2 Churn,60.0,3000,180000.0,2020-07-29
SOC0578,Silver Park,Bangalore,YTB,30.0,3000,90000.0,2023-06-14
SOC0796,Crystal County,Hyderabad,YTB,240.0,1800,432000.0,2023-02-18
SOC0086,Royal Homes,Hyderabad,Active,60.0,1800,108000.0,2024-03-27
SOC0243,River County,Kolkata,Active,450.0,2500,1125000.0,2022-07-03
SOC0699,Crystal Enclave,Kolkata,YTB,450.0,2500,1125000.0,2019-01-26
SOC0910,Elite Heights,Hyderabad,phase 2 churn,40.0,3500,140000.0,2018-02-14
SOC0160,SILVER HOMES, Kolkata,Phase 1 Churn,20.0,3500,70000.0,2025-02-15
SOC0525,Lake Heights , Kolkata,Active,450.0,2200,990000.0,2019-12-23
SOC0036, Silver Gardens,Pune,,320.0,1800,576000.0,2021-12-24
SOC0541,Sky Park ,Ahmedabad,Phase 1 Churn,320.0,3000,960000.0,2022-03-02
SOC0171,Crystal Gardens, Pune ,Phase 1 Churn,30.0,3000,90000.0,2022-09-03
SOC0655,Lake Tower,hyderabad,Active,20.0,2500,50000.0,2018-05-07
SOC0927,Royal Homes,Ahmedabad ,YTB,180.0,1800,324000.0,2019-12-16
SOC0893,Hill Tower,Mumbai,Phase 1 Churn,180.0,3500,630000.0,2025-09-09
SOC0883,Palm Gardens,Delhi,Phase 1 Churn,30.0,3000,90000.0,2023-03-24
SOC0984,Crystal Apartments,DELHI,YTB,,3000,240000.0,2020-03-22
SOC0734,Lake Plaza,Hyderabad,Phase 1 Churn,320.0,3500,1120000.0,2025-12-22
SOC0096,Silver Enclave,Bangalore,Phase 1 Churn,20.0,3000,60000.0,2025-05-07
SOC0564,Green Homes,Delhi,Phase 1 Churn,30.0,3000,90000.0,2020-08-25
SOC0241,Sky Heights,Chennai,Active,80.0,3500,,2021-11-26
SOC0743,Palm Enclave,Pune,Phase 2 Churn,30.0,2500,75000.0,2019-09-05
SOC0575,Crystal Apartments,KOLKATA,Phase 2 Churn,120.0,2200,264000.0,2025-01-11
SOC0691,Palm Heights ,Delhi,Active,,3500,70000.0,2023-10-31
SOC0461,River Apartments,Pune,Phase 1 Churn,240.0,3000,720000.0,2020-03-08
SOC0554,sky homes,Kolkata,Active,60.0,1800,108000.0,2022-02-15
SOC0858,Sunrise Apartments,Delhi,Active,60.0,2200,132000.0,2022-10-22
SOC0914,Golden Homes ,Pune,Active,40.0,3000,120000.0,2019-11-14
SOC0207,Crystal Park,Pune,YTB,80.0,2500,200000.0,2018-12-02
SOC0393,Palm Tower, Kolkata,YTB,180.0,2200,396000.0,2023-04-04
SOC0795,Crystal Plaza,Ahmedabad,Phase 1 Churn,240.0,3000,720000.0,2021-05-11
SOC0398,River Plaza, Ahmedabad,Phase 1 Churn,120.0,3000,360000.0,2024-10-21
SOC0767,Elite Tower,Bangalore,PHASE 2 CHURN,60.0,3000,180000.0,2019-09-04
SOC0884,Elite Plaza,Chenni,Active,120.0,1800,216000.0,2021-10-15
SOC0218,Elite Enclave,Pune,Phase 2 Churn,60.0,2200,132000.0,2022-10-02
SOC0005,Crystal Enclave,Chennai,YTB,30.0,3000,90000.0,2022-04-15
SOC0769,Golden Park,chennai,Active,60.0,3000,180000.0,2020-10-25
SOC0643,Silver Residency,Hyderabad,YTB,120.0,2500,300000.0,2020-10-30
SOC0934,Royal Gardens,Mumbai,YTB,320.0,3000,,2018-03-15
SOC0613,sky heights,Pune ,active,60.0,2500,150000.0,2025-07-28
SOC0739,Hill Gardens,Chennai,Active,80.0,1800,144000.0,2022-03-04
SOC0547,Royal Tower,Ahmedabad,YTB,320.0,1800,576000.0,2019-01-24
SOC0726,sunrise plaza,Pune,Phase 1 Churn,,3500,630000.0,2020-12-18
SOC0954,Sunrise Tower,Pune,Phase 1 Churn,,2200,132000.0,2025-06-20
SOC0684,Green Heights,Hyderabad,Phase 1 Churn,450.0,2200,990000.0,2020-12-31
SOC0099,Silver Heights,Kolkt,Phase 2 Churn,80.0,2200,176000.0,2023-09-09
SOC0805,Royal County,Ahmedabad ,Phase 1 Churn,30.0,3000,90000.0,2021-03-17
SOC0728,Sky Enclave,Delhi,Active,320.0,2200,704000.0,2019-06-16
SOC0574,Sky Apartments, Kolkata,Phase 2 Churn,80.0,2500,200000.0,2020-05-17
SOC0407,Golden Plaza,Pune,Phase 2 Churn,120.0,1800,216000.0,2019-02-05
SOC0503,Elite Park,Bangalore,Active,60.0,3500,210000.0,2021-05-02
SOC0048,Lake Plaza,Bangalore,Phase 2 Churn,120.0,3500,420000.0,2020-05-25
SOC0033,River Tower,chennai,Phase 1 Churn,80.0,3500,280000.0,2020-03-25
SOC0780,Elite Heights,Pune,Phase 2 Churn,320.0,2200,704000.0,2021-02-25
SOC0840,Sunrise Residency,Pune,Phase 2 Churn,240.0,3000,720000.0,2025-04-10
SOC0201,Crystal Residency,BANGALORE,Active,,1800,216000.0,2018-04-27
SOC0135,Elite Plaza,Delhi,Phase 2 Churn,120.0,2500,300000.0,2021-05-23
SOC0028,Elite Heights,mumbai,YTB,450.0,1800,810000.0,2021-10-03
SOC0916,Golden Plaza,Kolkata,Phase 2 Churn,80.0,3500,280000.0,2022-03-23
SOC0231,Crystal Park,Hyderabad,Phase 2 Churn,80.0,2200,176000.0,2018-08-05
SOC0490,Golden Park,ahmedabad,Phase 1 Churn,20.0,1800,36000.0,2021-08-25
SOC0773,Green Plaza,Ahmedabad,Phase 1 Churn,30.0,2500,75000.0,2025-03-25
SOC0379,Silver Gardens,Ahmedabad,Active,320.0,2200,704000.0,2022-02-21
SOC0289,Hill Heights, Mumbai,Active,320.0,3000,960000.0,2020-01-22
SOC0419,Royal Heights,Mumbi,Active,60.0,3500,210000.0,2021-09-04
SOC0675,Elite Heights,Ahmedabad,Phase 2 Churn,60.0,3500,210000.0,2018-03-25
SOC0392,Palm Enclave,Kolkata ,Active,180.0,2500,450000.0,2025-01-30
SOC0593,Green Gardens,Mumbai,Active,450.0,3500,1575000.0,2018-09-01
SOC0499,Golden Plaza,Bangalore,Phase 1 Churn,180.0,3000,540000.0,2019-10-07
SOC0139,River Homes,Chennai,YTB,40.0,3500,140000.0,2021-06-04
SOC0063,sunrise apartments,Kolkata,YTB,80.0,2500,200000.0,2024-05-05
SOC0472,Elite Gardens,Delhi,YTB,320.0,2500,800000.0,2020-09-10
SOC0648,Palm Plaza,Chennai,YTB,450.0,3500,1575000.0,2020-10-19
SOC0129,River Tower ,Delhi,YTB,240.0,1800,432000.0,2018-06-10
SOC0762,Lake County,kolkata,YTB,120.0,3000,360000.0,2019-11-20
SOC0521,Green County,Hyderabad,Active,40.0,2500,100000.0,2020-02-21
SOC0839,GOLDEN RESIDENCY,hyderabad,active,320.0,1800,576000.0,2023-06-14
SOC0412,Silver Plaza,delhi,Phase 2 Churn,240.0,2200,,2019-04-16
SOC0065,Hill Apartments,Mumbai,Phase 2 Churn,120.0,3000,360000.0,2018-05-22
SOC0813,Golden County,Hyderabad ,Active,80.0,2200,176000.0,2022-02-13
SOC0015,Crystal Homes,Pune,Active,,3500,420000.0,2020-09-19
SOC0157,Green County,Hyderabad,YTB,240.0,1800,432000.0,2021-08-04
SOC0041,Lake Enclave,Kolkata,YTB,60.0,3000,180000.0,2025-02-18
SOC0493,Royal Apartments,Hyderabad,Phase 2 Churn,80.0,1800,144000.0,2022-01-08
SOC0380,Hill Apartments,Bangalore,Phase 1 Churn,240.0,2200,528000.0,2025-08-10
SOC0188,Lake Heights,Pune,Phase 2 Churn,180.0,2200,396000.0,2020-10-29
SOC0764,Lake Gardens,Ahmedbd,Phase 2 Churn,450.0,2200,990000.0,2025-11-01
SOC0217,Hill Residency,Pune,Phase 2 Churn,320.0,1800,576000.0,2024-01-27
SOC0922,Elite Apartments,Chennai,Phase 1 Churn,240.0,2200,528000.0,2023-08-08
SOC0792,Green Apartments,Ahmedabad,Phase 1 Churn,40.0,1800,72000.0,2018-05-05
SOC0053,lake heights,Mumbai,Active,240.0,3000,720000.0,2023-12-29
SOC0879,Crystal Enclave,Pune,Active,60.0,1800,,2022-01-13
SOC0338, Crystal Park,Pune,Phase 2 Churn,30.0,2500,75000.0,2020-03-27
SOC0749,palm enclave,Bangalore,Active,240.0,3500,840000.0,2025-03-16
SOC0720,Crystal Heights,Delhi,Active,120.0,2500,300000.0,2022-12-18
SOC0725,Hill Heights,Chennai,Active,320.0,3500,1120000.0,2023-09-19
SOC0296,Green Heights,Mumbai,Phase 1 Churn,40.0,3000,120000.0,2018-11-29
SOC0702,Sunrise Gardens,Bangalore,Active,180.0,2500,450000.0,2025-07-30
SOC0252,Royal County,Delhi,Phase 2 Churn,80.0,1800,144000.0,2024-09-21
SOC0727,ELITE HOMES,Mumbai,Phase 1 Churn,20.0,1800,36000.0,2021-05-03
SOC0462,Palm County,Pune ,,80.0,3500,280000.0,2018-02-16
SOC0456,ELITE APARTMENTS,Ahmedabad,YTB,80.0,3500,280000.0,2019-12-04
SOC0271,Crystal Tower,Delhi,Phase 2 Churn,20.0,1800,36000.0,2025-04-22
SOC0816,Lake Homes, Pune,Phase 2 Churn,30.0,2200,66000.0,2021-04-20
SOC0863,Golden Park,Bangalore ,Active,30.0,2500,75000.0,2023-03-22
SOC0270,Green Apartments,Chennai,Active,30.0,3000,90000.0,2021-12-13
SOC0202,River Tower,Kolkata,Phase 1 Churn,180.0,2200,396000.0,2019-11-21
SOC0162,Silver Tower,Hyderabad,Phase 2 Churn,450.0,3000,1350000.0,2022-10-03
SOC0556,Royal Gardens,Mumbai,Active,450.0,3000,1350000.0,2019-02-17
SOC0730,Golden Gardens,Kolkata,Phase 2 Churn,30.0,2500,75000.0,2018-07-24
SOC0402,Crystal Plaza,Bnglore,Phase 2 Churn,180.0,1800,324000.0,2018-01-29
SOC0703,Sunrise Heights,Bangalore,YTB,60.0,2200,132000.0,2020-07-19
SOC0477, sunrise residency,Kolkata,YTB,60.0,2500,150000.0,2020-05-09
SOC0822,GREEN PLAZA,Chennai,YTB,240.0,3000,720000.0,2020-12-05
SOC0772,Golden Heights,Ahmedabad,Active,240.0,3000,720000.0,2018-02-06
SOC0106,Green Plaza,Ahmedabad,phase 1 churn,40.0,2500,100000.0,2019-05-08
SOC0566,Elite Tower,Mumbai,Phase 1 Churn,180.0,2500,450000.0,2020-05-18
SOC0390,Silver Tower, Hyderabad,Phase 1 Churn,,3500,210000.0,2024-12-09
SOC0002,Sunrise Enclave,Kolkata,Phase 2 Churn,120.0,3500,420000.0,2020-04-08
SOC0977,Palm Homes,Ahmedabad,Phase 2 Churn,30.0,2500,75000.0,2020-11-19
SOC0211,golden enclave,Ahmedabad,Phase 1 Churn,450.0,3000,1350000.0,2023-02-08
SOC0562,Golden Plaza,Chennai,Active,,2200,704000.0,2025-07-03
SOC0932, green apartments,Kolkata,Active,180.0,2500,450000.0,2018-07-29
SOC0081,Lake County,Pune,Phase 1 Churn,60.0,1800,108000.0,2019-03-18
SOC0206,Silver Homes,Chennai,Phase 2 Churn,180.0,1800,,2018-10-26
SOC0035,ELITE GARDENS,Pune,Phase 1 Churn,20.0,2200,44000.0,2018-12-30
SOC0943,palm residency,Pune,Phase 1 Churn,20.0,2500,50000.0,2023-04-27
SOC0776,Royal Enclave,Mumbai,YTB,40.0,2200,88000.0,2019-12-27
SOC0509,Elite Gardens,Hyderabad,Active,,1800,144000.0,2020-11-04
SOC0428, Golden Tower,Ahmedabad,Phase 2 Churn,40.0,3500,140000.0,2025-10-01
SOC0455,Elite Gardens,Bangalore,Active,450.0,2500,1125000.0,2018-09-17
SOC0637,Hill Plaza,Hyderabad ,Phase 1 Churn,80.0,1800,144000.0,2019-01-12
SOC0367,Crystal Residency,Hyderabad,YTB,120.0,2500,300000.0,2021-02-05
SOC0092,Royal Apartments,Hyderabad,YTB,240.0,2500,600000.0,2021-09-06
SOC0340,Silver Plaza,Bangalore,YTB,30.0,3000,90000.0,2021-08-26
SOC0898,Golden Park,Ahmedabad,Phase 2 Churn,240.0,2200,528000.0,2025-12-15
SOC0565,River Homes,Delhi,,450.0,2200,990000.0,2023-06-04
SOC0346,royal homes,Mumbai,Active,80.0,3000,240000.0,2022-08-26
SOC0777,Lake County,Kolkata,YTB,20.0,3500,70000.0,2023-12-27
SOC0242,SILVER HEIGHTS,Chennai,Active,30.0,3000,90000.0,2021-03-07
SOC0014,Silver County ,hyderabad,Phase 1 Churn,40.0,3000,120000.0,2025-07-04
SOC0316,River Residency,Pune,YTB,60.0,2500,150000.0,2025-03-25
SOC0601,Elite Enclave,Bangalore,Phase 1 Churn,180.0,3000,540000.0,2025-09-07
SOC0388,golden plaza,Delhi,phase 2 churn,60.0,2200,132000.0,2019-05-08
SOC0274,Sunrise Heights,Hyderabad,Active,20.0,1800,36000.0,2020-07-17
SOC0167,Green Residency, Chennai,Active,180.0,1800,324000.0,2025-12-17
SOC0841,Palm Residency ,Mumbai,YTB,180.0,2500,450000.0,2024-03-26
SOC0021,Crystal Gardens ,Mumbai,Phase 2 Churn,60.0,2200,132000.0,2024-02-03
SOC0647,Elite Homes,Bangalore,Active,40.0,1800,72000.0,2025-02-25
SOC0819,Elite Residency,Delhi,Phase 2 Churn,240.0,1800,432000.0,2024-03-12
SOC0485,lake park,Kolkata,Active,180.0,3500,630000.0,2020-10-27
SOC0372,Sky Gardens,Hyderabad,Active,60.0,3000,180000.0,2024-04-25
SOC0505,Green Plaza,Pune,Phase 1 Churn,60.0,3500,210000.0,2025-08-31
SOC0832,Elite Enclave,Delhi,Active,180.0,3000,540000.0,2020-07-17
SOC0244,Sky Gardens,Mumbai,Phase 2 Churn,40.0,2200,88000.0,2020-04-11
SOC0567,Golden Gardens,Delhi,YTB,40.0,2500,100000.0,2019-04-22
SOC0876,Green Heights,Bnglore,Active,240.0,3000,720000.0,2022-11-04
SOC0563,Golden Gardens,HYDERABAD,Phase 2 Churn,80.0,1800,144000.0,2019-03-09
SOC0994,Sky Homes,Delhi,Active,120.0,1800,216000.0,2019-12-08
SOC0687,SILVER COUNTY,Chennai,YTB,60.0,2500,150000.0,2024-09-19
SOC0958,Sky Residency,Kolkata,Phase 1 Churn,450.0,2200,990000.0,2019-03-02
SOC0190,Silver Plaza ,Kolkata,Active,30.0,1800,54000.0,2019-04-02
SOC0783,Golden Apartments,Mumbai,Active,60.0,2500,150000.0,2020-10-04
SOC0976,Palm Plaza,Ahmedabad,Phase 2 Churn,40.0,3000,120000.0,2018-08-18
SOC0700,Elite Tower,Delhi,Active,40.0,1800,72000.0,2022-06-22
SOC0476,Royal Tower ,bangalore,Phase 1 Churn,60.0,1800,108000.0,2024-02-25
SOC0682,River Park,Chennai,Phase 2 Churn,320.0,1800,576000.0,2021-05-19
SOC0511,Silver Homes,Hyderabad,Phase 1 Churn,180.0,2500,450000.0,2019-08-31
SOC0059,Sunrise Heights ,Ahmedabad,Phase 1 Churn,180.0,3500,630000.0,2018-09-01
SOC0475,Royal Tower,Kolkata,phase 1 churn,20.0,1800,36000.0,2020-09-19
SOC0561,Lake Tower,Bangalore,ACTIVE,180.0,2200,396000.0,2021-11-20
SOC0857,Crystal Tower,Pune,Active,240.0,2500,600000.0,2021-01-02
SOC0748,Elite County,Chennai,Active,120.0,2500,300000.0,2024-12-07
SOC0253,Hill Tower,Chennai,Phase 1 Churn,80.0,3000,,2023-07-22
SOC0022,River Apartments,Chenni,Phase 2 Churn,40.0,2200,88000.0,2023-03-30
SOC0314,Sunrise Enclave,Chennai,Phase 1 Churn,120.0,2200,264000.0,2022-02-07
SOC0460,River Heights,Kolkata,YTB,180.0,1800,324000.0,2025-11-10
SOC0161,Palm Gardens,Bangalore,Phase 1 Churn,60.0,3000,180000.0,2020-03-03
SOC0277,Golden Plaza, Kolkata,Phase 1 Churn,20.0,2500,50000.0,2022-10-02
SOC0956,Golden Plaza,Bangalore,Active,,3500,630000.0,2022-04-03
SOC0192,Lake Park,Pune,,120.0,2500,300000.0,2018-11-05
SOC0386,Sunrise Tower,Mumbai,Phase 2 Churn,20.0,2200,44000.0,2018-08-14
SOC0806,Lake Apartments,Ahmedabad,YTB,240.0,2200,528000.0,2022-08-26
SOC0414,River Tower,Ahmedabad,Phase 1 Churn,80.0,2500,200000.0,2022-02-06
SOC0492,RIVER PARK,Hyderabad,YTB,60.0,3500,210000.0,2023-06-12
SOC0344,Elite Plaza,pune,Phase 1 Churn,240.0,1800,432000.0,2025-01-28
SOC0770,Palm Tower,Bangalore,,60.0,1800,108000.0,2022-06-06
SOC0309, Palm Gardens,Pune,ytb,40.0,1800,72000.0,2018-05-14
SOC0662,Golden Plaza,bangalore,Phase 1 Churn,60.0,1800,108000.0,2019-02-13
SOC0131,Silver Apartments ,Mumbai,Phase 2 Churn,450.0,2500,1125000.0,2018-12-28
SOC0664,Lake County,CHENNAI,Phase 1 Churn,120.0,2500,300000.0,2020-05-29
SOC0872,Golden Gardens,Pune,Phase 2 Churn,30.0,2500,75000.0,2024-07-04
SOC0088,Silver Gardens,Pune,YTB,320.0,1800,576000.0,2020-09-22
SOC0331,Palm County,Chennai,YTB,20.0,2500,50000.0,2025-01-27
SOC0467,Crystal Apartments,Bangalore,Phase 1 Churn,450.0,1800,810000.0,2021-04-04
SOC0122,golden plaza,Delhi,YTB,80.0,3000,240000.0,2021-04-29
SOC0861,Elite Gardens,Ahmedabad,ACTIVE,60.0,2200,132000.0,2020-12-01
